-- MySQL dump 10.14  Distrib 5.5.60-MariaDB, for Linux (x86_64)
--
-- Host: localhost    Database: feria
-- ------------------------------------------------------
-- Server version	5.5.60-MariaDB

/*!40101 SET @OLD_CHARACTER_SET_CLIENT=@@CHARACTER_SET_CLIENT */;
/*!40101 SET @OLD_CHARACTER_SET_RESULTS=@@CHARACTER_SET_RESULTS */;
/*!40101 SET @OLD_COLLATION_CONNECTION=@@COLLATION_CONNECTION */;
/*!40101 SET NAMES utf8mb4 */;
/*!40103 SET @OLD_TIME_ZONE=@@TIME_ZONE */;
/*!40103 SET TIME_ZONE='+00:00' */;
/*!40014 SET @OLD_UNIQUE_CHECKS=@@UNIQUE_CHECKS, UNIQUE_CHECKS=0 */;
/*!40014 SET @OLD_FOREIGN_KEY_CHECKS=@@FOREIGN_KEY_CHECKS, FOREIGN_KEY_CHECKS=0 */;
/*!40101 SET @OLD_SQL_MODE=@@SQL_MODE, SQL_MODE='NO_AUTO_VALUE_ON_ZERO' */;
/*!40111 SET @OLD_SQL_NOTES=@@SQL_NOTES, SQL_NOTES=0 */;

--
-- Table structure for table `area`
--

DROP TABLE IF EXISTS `area`;
/*!40101 SET @saved_cs_client     = @@character_set_client */;
/*!40101 SET character_set_client = utf8 */;
CREATE TABLE `area` (
  `ID` int(10) unsigned NOT NULL AUTO_INCREMENT,
  `Nombre` varchar(100) NOT NULL,
  PRIMARY KEY (`ID`)
) ENGINE=InnoDB AUTO_INCREMENT=11 DEFAULT CHARSET=utf8mb4;
/*!40101 SET character_set_client = @saved_cs_client */;

--
-- Dumping data for table `area`
--

LOCK TABLES `area` WRITE;
/*!40000 ALTER TABLE `area` DISABLE KEYS */;
INSERT INTO `area` VALUES (1,'Aire Libre'),(2,'Mecanica'),(3,'Calculo'),(4,'Cientifica'),(5,'Persuasiva'),(6,'Artes'),(7,'Literaria'),(8,'Musical'),(9,'Social'),(10,'Administrativa');
/*!40000 ALTER TABLE `area` ENABLE KEYS */;
UNLOCK TABLES;

--
-- Table structure for table `beca`
--

DROP TABLE IF EXISTS `beca`;
/*!40101 SET @saved_cs_client     = @@character_set_client */;
/*!40101 SET character_set_client = utf8 */;
CREATE TABLE `beca` (
  `ID` int(10) unsigned NOT NULL AUTO_INCREMENT,
  `Recurso` varchar(200) NOT NULL,
  `Titulo` varchar(70) NOT NULL,
  `Universidad_ID` int(10) unsigned NOT NULL,
  PRIMARY KEY (`ID`),
  KEY `fk_Video_Universidad1_idx` (`Universidad_ID`),
  CONSTRAINT `fk_Video_Universidad10` FOREIGN KEY (`Universidad_ID`) REFERENCES `universidad` (`ID`)
) ENGINE=InnoDB AUTO_INCREMENT=67 DEFAULT CHARSET=utf8mb4;
/*!40101 SET character_set_client = @saved_cs_client */;

--
-- Dumping data for table `beca`
--

LOCK TABLES `beca` WRITE;
/*!40000 ALTER TABLE `beca` DISABLE KEYS */;
INSERT INTO `beca` VALUES (1,'http://feriavirtual.upqroo.edu.mx/SeccionAdministrativa/docs_Unis/Becas/1611952676.png','Becas',2),(3,'http://feriavirtual.upqroo.edu.mx/SeccionAdministrativa/docs_Unis/Becas/1612537087.png','BECAS PARCIALES 35%',18),(4,'http://feriavirtual.upqroo.edu.mx/SeccionAdministrativa/docs_Unis/Becas/1612907817.pdf','BECAS IMESAD',36),(5,'http://feriavirtual.upqroo.edu.mx/SeccionAdministrativa/docs_Unis/Becas/1612912406.pdf','BECAS UPP',14),(6,'http://feriavirtual.upqroo.edu.mx/SeccionAdministrativa/docs_Unis/Becas/1612968147.pdf','BECA',21),(7,'http://feriavirtual.upqroo.edu.mx/SeccionAdministrativa/docs_Unis/Becas/1612970349.pdf','BECAS',19),(8,'http://feriavirtual.upqroo.edu.mx/SeccionAdministrativa/docs_Unis/Becas/1613062444.pdf','Beca Academica',40),(9,'http://feriavirtual.upqroo.edu.mx/SeccionAdministrativa/docs_Unis/Becas/1613062460.pdf','Beca Deportiva',40),(10,'http://feriavirtual.upqroo.edu.mx/SeccionAdministrativa/docs_Unis/Becas/1613062474.pdf','Beca Cultural',40),(11,'http://feriavirtual.upqroo.edu.mx/SeccionAdministrativa/docs_Unis/Becas/1613062495.pdf','Beca Acción Social y Voluntariado',40),(12,'http://feriavirtual.upqroo.edu.mx/SeccionAdministrativa/docs_Unis/Becas/1613075864.pdf','PROCESO DE ADMISIÓN Y BECAS ADMINISTRATIVAS',31),(13,'http://feriavirtual.upqroo.edu.mx/SeccionAdministrativa/docs_Unis/Becas/1613076168.pdf','PROCESO DE ADMISIÓN Y BECAS ENFERMERÍA',31),(14,'http://feriavirtual.upqroo.edu.mx/SeccionAdministrativa/docs_Unis/Becas/1613076311.pdf','PROCESO DE ADMISIÓN Y BECAS CRIMINOLOGÍA',31),(15,'http://feriavirtual.upqroo.edu.mx/SeccionAdministrativa/docs_Unis/Becas/1613076488.pdf','PROCESO DE ADMISIÓN Y BECAS GASTRONOMÍA',31),(16,'http://feriavirtual.upqroo.edu.mx/SeccionAdministrativa/docs_Unis/Becas/1613076765.pdf','FLYER UNIMAAT MODALIDAD BLENDED',31),(17,'http://feriavirtual.upqroo.edu.mx/SeccionAdministrativa/docs_Unis/Becas/1613095323.pdf','Becas y Seguros para estudiantes',23),(18,'http://feriavirtual.upqroo.edu.mx/SeccionAdministrativa/docs_Unis/Becas/1613137711.pdf','BECAS EN LAS QUE PARTICIPA LA UNIVERSIDAD TECNOLÓGICA DE CHETUMAL',37),(19,'http://feriavirtual.upqroo.edu.mx/SeccionAdministrativa/docs_Unis/Becas/1613151243.pdf','Becas Licenciaturas',35),(20,'http://feriavirtual.upqroo.edu.mx/SeccionAdministrativa/docs_Unis/Becas/1613157010.jpg','Becas',50),(21,'http://feriavirtual.upqroo.edu.mx/SeccionAdministrativa/docs_Unis/Becas/1613174510.pdf','BECAS LICENCIATURA',4),(22,'http://feriavirtual.upqroo.edu.mx/SeccionAdministrativa/docs_Unis/Becas/1613174646.pdf','BECAS ESPECIALIDAD Y MAESTRIA EN AMPARO',4),(23,'http://feriavirtual.upqroo.edu.mx/SeccionAdministrativa/docs_Unis/Becas/1613174811.pdf','BECAS DIPLOMADO EN INGLÉS JURÍDICO – CURSO ONLINE – INICIO 16 MARZO 20',4),(24,'http://feriavirtual.upqroo.edu.mx/SeccionAdministrativa/docs_Unis/Becas/1613174912.pdf','BECAS EN LÍNEA – GRATUITO – DIPLOMADO EN DERECHO AERONÁUTICO Y AEROPOR',4),(25,'http://feriavirtual.upqroo.edu.mx/SeccionAdministrativa/docs_Unis/Becas/1613177464.pdf','Becas e Inversiones 2021',10),(26,'http://feriavirtual.upqroo.edu.mx/SeccionAdministrativa/docs_Unis/Becas/1613180662.pdf','BECAS ',22),(27,'http://feriavirtual.upqroo.edu.mx/SeccionAdministrativa/docs_Unis/Becas/1613192192.pdf','Becas en la UQROO',33),(28,'http://feriavirtual.upqroo.edu.mx/SeccionAdministrativa/docs_Unis/Becas/1613248407.pdf','Área de becas',42),(29,'http://feriavirtual.upqroo.edu.mx/SeccionAdministrativa/docs_Unis/Becas/1613428972.pdf','BECAS :UNID',53),(30,'http://feriavirtual.upqroo.edu.mx/SeccionAdministrativa/docs_Unis/Becas/1613504642.jpg','Becas UNID',51),(31,'http://feriavirtual.upqroo.edu.mx/SeccionAdministrativa/docs_Unis/Becas/1613508948.pdf','Administración de Empresas Turísticas',58),(32,'http://feriavirtual.upqroo.edu.mx/SeccionAdministrativa/docs_Unis/Becas/1613508964.pdf','Licenciatura en Derecho',58),(33,'http://feriavirtual.upqroo.edu.mx/SeccionAdministrativa/docs_Unis/Becas/1613508982.pdf','Mercadotecnia',58),(35,'http://feriavirtual.upqroo.edu.mx/SeccionAdministrativa/docs_Unis/Becas/1613575623.pdf','BECAS',44),(36,'http://feriavirtual.upqroo.edu.mx/SeccionAdministrativa/docs_Unis/Becas/1613580413.pdf','Registro para solicitud de beca',51),(37,'http://feriavirtual.upqroo.edu.mx/SeccionAdministrativa/docs_Unis/Becas/1613580587.pdf','BECA DE GOBIERNO DEL ESTADO',3),(38,'http://feriavirtual.upqroo.edu.mx/SeccionAdministrativa/docs_Unis/Becas/1613585462.pdf','Programa de financiamiento EC',38),(40,'http://feriavirtual.upqroo.edu.mx/SeccionAdministrativa/docs_Unis/Becas/1613586405.doc','Información del proceso de inscripción y obtención de becas',49),(41,'http://feriavirtual.upqroo.edu.mx/SeccionAdministrativa/docs_Unis/Becas/1613606924.pdf','Prueba',52),(42,'http://feriavirtual.upqroo.edu.mx/SeccionAdministrativa/docs_Unis/Becas/1613619523.pdf','Becas Institucionales ',59),(43,'http://feriavirtual.upqroo.edu.mx/SeccionAdministrativa/docs_Unis/Becas/1613654785.pdf','Tríptico de Azteca ',29),(44,'http://feriavirtual.upqroo.edu.mx/SeccionAdministrativa/docs_Unis/Becas/1613654992.pdf','Proceso Administrativo Universidad Azteca ',29),(45,'http://feriavirtual.upqroo.edu.mx/SeccionAdministrativa/docs_Unis/Becas/1613663636.pdf','Tríptico Lidermex ',27),(46,'http://feriavirtual.upqroo.edu.mx/SeccionAdministrativa/docs_Unis/Becas/1613663710.pdf','Proceso Administrativo Lidermex ',27),(47,'http://feriavirtual.upqroo.edu.mx/SeccionAdministrativa/docs_Unis/Becas/1613672524.pdf','Becas, Descuentos y Actividades de Formación Integral',56),(48,'http://feriavirtual.upqroo.edu.mx/SeccionAdministrativa/docs_Unis/Becas/1613682886.pdf','Apoyo a estudiantes de nuevo ingreso',56),(49,'http://feriavirtual.upqroo.edu.mx/SeccionAdministrativa/docs_Unis/Becas/1613692325.pdf','Becas',28),(50,'http://feriavirtual.upqroo.edu.mx/SeccionAdministrativa/docs_Unis/Becas/1613705042.pdf','BECAS',47),(51,'http://feriavirtual.upqroo.edu.mx/SeccionAdministrativa/docs_Unis/Becas/1613706941.pdf','BECAS',11),(53,'http://feriavirtual.upqroo.edu.mx/SeccionAdministrativa/docs_Unis/Becas/1613743624.pdf','Becas y financiamiento',45),(54,'http://feriavirtual.upqroo.edu.mx/SeccionAdministrativa/docs_Unis/Becas/1613752873.pdf','Becas académicas Unisur',39),(55,'http://feriavirtual.upqroo.edu.mx/SeccionAdministrativa/docs_Unis/Becas/1613752910.pdf','Becas académicas Unisur',39),(57,'http://feriavirtual.upqroo.edu.mx/SeccionAdministrativa/docs_Unis/Becas/1613753085.pdf','BECAS PARA TODO EL POSGRADO',34),(58,'http://feriavirtual.upqroo.edu.mx/SeccionAdministrativa/docs_Unis/Becas/1613755115.pdf','Descuento Exclusivo \"Feria Virtual\"',12),(59,'http://feriavirtual.upqroo.edu.mx/SeccionAdministrativa/docs_Unis/Becas/1613759438.pdf','BECAS 2021',55),(60,'http://feriavirtual.upqroo.edu.mx/SeccionAdministrativa/docs_Unis/Becas/1613767817.pdf','Beca Henbord 2021',30),(62,'http://feriavirtual.upqroo.edu.mx/SeccionAdministrativa/docs_Unis/Becas/1613769736.pdf','UCI MEXICO',34),(63,'http://feriavirtual.upqroo.edu.mx/SeccionAdministrativa/docs_Unis/Becas/1613780728.pdf','Presentaciòn de Oferta Academica ',15),(64,'http://feriavirtual.upqroo.edu.mx/SeccionAdministrativa/docs_Unis/Becas/1613786133.pdf','Becas del Gobierno Federal en la UTRM BIS',41),(65,'http://feriavirtual.upqroo.edu.mx/SeccionAdministrativa/docs_Unis/Becas/1613787199.pdf','BECAS Y PROMOCIONES',20),(66,'http://feriavirtual.upqroo.edu.mx/SeccionAdministrativa/docs_Unis/Becas/1613835723.pdf','PROCESO DE ADMISIÓN',53);
/*!40000 ALTER TABLE `beca` ENABLE KEYS */;
UNLOCK TABLES;

--
-- Table structure for table `carrera`
--

DROP TABLE IF EXISTS `carrera`;
/*!40101 SET @saved_cs_client     = @@character_set_client */;
/*!40101 SET character_set_client = utf8 */;
CREATE TABLE `carrera` (
  `ID` int(10) unsigned NOT NULL AUTO_INCREMENT,
  `Nombre` varchar(100) NOT NULL,
  `RVOE` varchar(45) DEFAULT NULL,
  `Recurso` varchar(200) NOT NULL,
  `Periodo_Vigencia` varchar(45) DEFAULT NULL,
  `Universidad_ID` int(10) unsigned NOT NULL,
  `Estatus_ID` int(10) unsigned NOT NULL,
  `Seccion_ID` int(10) unsigned NOT NULL,
  `Nivel_Educativo_ID` int(10) unsigned NOT NULL,
  PRIMARY KEY (`ID`),
  KEY `fk_Carrera_Universidad1_idx` (`Universidad_ID`),
  KEY `fk_Carrera_Estatus1_idx` (`Estatus_ID`),
  KEY `fk_Carrera_Seccion1_idx` (`Seccion_ID`),
  KEY `fk_Carrera_Nivel_Educativo1_idx` (`Nivel_Educativo_ID`),
  CONSTRAINT `fk_Carrera_Estatus1` FOREIGN KEY (`Estatus_ID`) REFERENCES `estatus` (`ID`),
  CONSTRAINT `fk_Carrera_Nivel_Educativo1` FOREIGN KEY (`Nivel_Educativo_ID`) REFERENCES `nivel_educativo` (`ID`),
  CONSTRAINT `fk_Carrera_Seccion1` FOREIGN KEY (`Seccion_ID`) REFERENCES `seccion` (`ID`),
  CONSTRAINT `fk_Carrera_Universidad1` FOREIGN KEY (`Universidad_ID`) REFERENCES `universidad` (`ID`)
) ENGINE=InnoDB AUTO_INCREMENT=485 DEFAULT CHARSET=utf8mb4;
/*!40101 SET character_set_client = @saved_cs_client */;

--
-- Dumping data for table `carrera`
--

LOCK TABLES `carrera` WRITE;
/*!40000 ALTER TABLE `carrera` DISABLE KEYS */;
INSERT INTO `carrera` VALUES (1,'Arquitectura','DEPRE DOF 26/11/1982','NA','',1,3,4,2),(2,'Biotecnología','DEPRE DOF 26/11/1982','NA','',1,2,5,2),(3,'Derecho','DEPRE DOF 26/11/1982','NA','',1,3,6,2),(4,'Relaciones Internacionales','DEPRE DOF 26/11/1982','NA','',1,3,7,2),(5,'Diseño Gráfico','DEPRE DOF 26/11/1982','NA','',1,3,8,2),(6,'Diseño Industrial','DEPRE DOF 26/11/1982','NA','',1,3,9,2),(7,'Diseño Multimedia','DEPRE DOF 26/11/1982','NA','',1,3,10,2),(8,'Terapia Física y Rehabilitación','DEPRE DOF 26/11/1982','NA','',1,3,11,2),(9,'Ingeniería Ambiental','DEPRE DOF 26/11/1982','NA','',1,2,12,2),(10,'Ingeniería Civil','DEPRE DOF 26/11/1982','NA','',1,3,13,2),(11,'Ingeniería Industrial para la Dirección','DEPRE DOF 26/11/1982','NA','',1,3,14,2),(12,'Administración área Capital Humano','620413','http://feriavirtual.upqroo.edu.mx/SeccionAdministrativa/docs_Unis/carreras/1611953968.pdf','vigente',2,2,15,1),(13,'Contaduría','621464','http://feriavirtual.upqroo.edu.mx/SeccionAdministrativa/docs_Unis/carreras/1611954002.pdf','vigente',2,2,16,1),(14,'Desarrollo de Negocios área Mercadotecnia','509419','http://feriavirtual.upqroo.edu.mx/SeccionAdministrativa/docs_Unis/carreras/1611954032.pdf','vigente',2,2,17,1),(15,'Gastronomía','615429','http://feriavirtual.upqroo.edu.mx/SeccionAdministrativa/docs_Unis/carreras/1611954053.pdf','vigente',2,2,18,1),(16,'Mantenimiento área Instalaciones','514497','http://feriavirtual.upqroo.edu.mx/SeccionAdministrativa/docs_Unis/carreras/1611954095.pdf','vigente',2,2,19,1),(17,'Tecnologías de la Información área Desarrollo de Software Multiplataforma','601408','http://feriavirtual.upqroo.edu.mx/SeccionAdministrativa/docs_Unis/carreras/1611954121.pdf','vigente',2,2,20,1),(18,'Tecnologías de la Información área Infraestructura de Redes Digitales','521456','http://feriavirtual.upqroo.edu.mx/SeccionAdministrativa/docs_Unis/carreras/1611954139.pdf','vigente',2,2,21,1),(19,'Turismo área Hotelería','615424','NA','vigente',2,2,22,1),(20,'Turismo área Desarrollo de Productos Alternativos','509426','http://feriavirtual.upqroo.edu.mx/SeccionAdministrativa/docs_Unis/carreras/1611954394.pdf','vigente',2,2,23,1),(21,'LICENCIATURA EN ADMINISTRACIÓN','201708LA','NA','01 DE FEBRERO 2020 AL 31 DE AGOSTO DEL 2024',3,3,24,2),(22,'MAESTRÍA EN DERECHO ENERGÉTICO Y AMBIENTAL','201675MDEyA','NA','21 DE MARZO DEL 2018 AL 31 DE AGOSTO DE 2022',3,3,25,4),(23,'MAESTRÍA EN DESARROLLO EN COMPETENCIAS DOCENTE','201723MDCD','NA','01 DE ABRIL DEL 2018 AL 31 DE AGOSTO DEL 2022',3,3,26,4),(24,'MAESTRÍA EN DOGMÁTICA PENAL Y SISTEMA ACUSATORIO','201724MDPySA','NA','01 DE ABRIL DE 2018 A 31 DE AGOSTO DE 2022',3,3,27,4),(25,'MAESTRÍA EN PSICOLOGÍA JURÍDICA Y CRIMINOLOGÍA','201707MPJyC','NA','28 DE DICIEMBRE DE 2018 AL 31 DE AGOSTO 2022',3,3,28,4),(26,'LICENCIATURA EN CRIMINOLOGÍA Y CRIMINALÍSTICA','201831LCyC','NA','30 DE DICIEMBRE 2020 AL 31 DE AGOSTO 2024',3,3,29,2),(29,'Especialidad en Amparo','200843EA','http://feriavirtual.upqroo.edu.mx/SeccionAdministrativa/docs_Unis/carreras/1613086431.pdf','31 DE JULIO 2023',4,3,32,3),(30,'Maestría en Amparo','200819MA','http://feriavirtual.upqroo.edu.mx/SeccionAdministrativa/docs_Unis/carreras/1613086498.pdf','31 DE JULIO 2023',4,3,33,4),(31,'ARQUITECTURA','202016LARQ','http://feriavirtual.upqroo.edu.mx/SeccionAdministrativa/docs_Unis/carreras/1612548254.jpg','',5,3,34,1),(32,'CIENCIAS DE LA EDUCACIÓN','202018LCEM','http://feriavirtual.upqroo.edu.mx/SeccionAdministrativa/docs_Unis/carreras/1612548280.jpg','',5,3,35,1),(33,'CONTADURÍA','202015LCM','http://feriavirtual.upqroo.edu.mx/SeccionAdministrativa/docs_Unis/carreras/1613753265.jpg','',5,2,36,1),(34,'CRIMINOLOGÍA ESCOLAR','202020LCRE','http://feriavirtual.upqroo.edu.mx/SeccionAdministrativa/docs_Unis/carreras/1613753289.jpg','',5,2,37,1),(35,'CRIMINOLOGÍA MIXTO','202019LCRM','http://feriavirtual.upqroo.edu.mx/SeccionAdministrativa/docs_Unis/carreras/1613753311.jpg','',5,2,38,1),(36,'DERECHO ESCOLAR','202013LDE','http://feriavirtual.upqroo.edu.mx/SeccionAdministrativa/docs_Unis/carreras/1613753350.jpg','',5,2,39,1),(37,'DERECHO MIXTO','202012LDM','http://feriavirtual.upqroo.edu.mx/SeccionAdministrativa/docs_Unis/carreras/1613753393.jpg','',5,2,40,1),(38,'GASTRONOMÍA ESCOLAR','202008LGE','http://feriavirtual.upqroo.edu.mx/SeccionAdministrativa/docs_Unis/carreras/1613753418.jpg','',5,2,41,1),(39,'GASTRONOMÍA MIXTO','202009LGM','http://feriavirtual.upqroo.edu.mx/SeccionAdministrativa/docs_Unis/carreras/1613753437.jpg','',5,2,42,1),(40,'NUTRICIÓN ESCOLAR','202011LNE','http://feriavirtual.upqroo.edu.mx/SeccionAdministrativa/docs_Unis/carreras/1613753455.jpg','',5,2,43,1),(41,'NUTRICIÓN MIXTA','202010LNM','http://feriavirtual.upqroo.edu.mx/SeccionAdministrativa/docs_Unis/carreras/1613753469.jpg','',5,2,44,1),(42,'Mantenimiento área Naval','NA','http://feriavirtual.upqroo.edu.mx/SeccionAdministrativa/docs_Unis/carreras/1611954682.pdf','vigente',2,2,45,1),(43,'carr1','123','NA','2018-2027',6,4,46,2),(46,'MAESTRÍA EN ECOTECNOLOGÍAS E INNOVACIÓN SOSTENIBLE','2019104MEIS','http://feriavirtual.upqroo.edu.mx/SeccionAdministrativa/docs_Unis/carreras/1613130387.pdf','25 de marzo de 2019 al 31 de agosto del 2022',10,3,49,4),(47,'MAESTRÍA EN INNOVACIÓN Y SUSTENTABILIDAD TURÍSTICA','2019107MIyST','http://feriavirtual.upqroo.edu.mx/SeccionAdministrativa/docs_Unis/carreras/1613175413.pdf','25 de marzo de 2019 al 31 de agosto del 2022',10,3,50,4),(48,'MAESTRÍA EN ECOEMPRENDURISMO','2019103MEC','http://feriavirtual.upqroo.edu.mx/SeccionAdministrativa/docs_Unis/carreras/1613135163.pdf','25 de marzo de 2019 al 31 de agosto del 2022',10,3,51,4),(49,'MAESTRÍA EN EDUCACIÓN','2019105ME','http://feriavirtual.upqroo.edu.mx/SeccionAdministrativa/docs_Unis/carreras/1613135717.pdf','25 de marzo de 2019 al 31 de agosto del 2022',10,3,52,4),(50,'MAESTRÍA EN GESTIÓN INTERCULTURAL','2019106MGI','http://feriavirtual.upqroo.edu.mx/SeccionAdministrativa/docs_Unis/carreras/1613136662.pdf','25 de marzo de 2019 al 31 de agosto del 2022',10,3,53,4),(51,'MAESTRÍA EN NEUROLIDERAZGO Y COACHING COGNITIVO','2019108MNCC','http://feriavirtual.upqroo.edu.mx/SeccionAdministrativa/docs_Unis/carreras/1613167331.pdf','25 de marzo de 2019 al 31 de agosto del 2022',10,3,54,4),(53,'Administración y Desarrollo de Negocios','202024LAyDNE','http://feriavirtual.upqroo.edu.mx/SeccionAdministrativa/docs_Unis/carreras/1613161293.pdf','2021',12,3,56,2),(54,'Administración y Desarrollo Turistico','201259LAyDT','http://feriavirtual.upqroo.edu.mx/SeccionAdministrativa/docs_Unis/carreras/1613161700.pdf','2021',12,3,57,2),(55,'Arquitectura','200936LARQ','http://feriavirtual.upqroo.edu.mx/SeccionAdministrativa/docs_Unis/carreras/1613162067.pdf','2021',12,3,58,2),(56,'Contaduría','201478LCC','http://feriavirtual.upqroo.edu.mx/SeccionAdministrativa/docs_Unis/carreras/1613163053.pdf','2021',12,3,59,2),(57,'Derecho','201614LD','http://feriavirtual.upqroo.edu.mx/SeccionAdministrativa/docs_Unis/carreras/1613163199.pdf','2021',12,3,60,2),(58,'Diseño Grafico y Animación Digital','200937LDG','http://feriavirtual.upqroo.edu.mx/SeccionAdministrativa/docs_Unis/carreras/1613163357.pdf','2021',12,3,61,2),(59,'Ingeniería en Instalaciones Hoteleras y Turisticas','201919LIMH','http://feriavirtual.upqroo.edu.mx/SeccionAdministrativa/docs_Unis/carreras/1613163543.pdf','2021',12,2,62,2),(60,'Nutrición','201216LN','http://feriavirtual.upqroo.edu.mx/SeccionAdministrativa/docs_Unis/carreras/1613163677.pdf','2021',12,3,63,2),(61,'Psicología','201305LP','http://feriavirtual.upqroo.edu.mx/SeccionAdministrativa/docs_Unis/carreras/1613163823.pdf','2021',12,3,64,2),(62,'Ingenieria biomedica','DER43','http://feriavirtual.upqroo.edu.mx/SeccionAdministrativa/docs_Unis/carreras/1611997490.pdf','Agosto 2077',9,4,65,2),(63,'carrera anonima','NA','http://feriavirtual.upqroo.edu.mx/SeccionAdministrativa/docs_Unis/carreras/1613095255.pdf','',13,4,66,1),(64,'carrera anonima 2','G','http://feriavirtual.upqroo.edu.mx/SeccionAdministrativa/docs_Unis/carreras/1613686516.pdf','',13,4,67,2),(65,'carrera anonima 3',NULL,'NA',NULL,13,4,68,3),(66,'CONTADURÍA','20121367','http://feriavirtual.upqroo.edu.mx/SeccionAdministrativa/docs_Unis/carreras/1612911385.jpg','3 años',14,3,69,2),(67,'DERECHO ','20110024','http://feriavirtual.upqroo.edu.mx/SeccionAdministrativa/docs_Unis/carreras/1612911425.jpg','3 años',14,3,70,2),(68,'GASTRONOMÍA','20110025','http://feriavirtual.upqroo.edu.mx/SeccionAdministrativa/docs_Unis/carreras/1612911476.jpg','3 años',14,3,71,2),(69,'PSICOPEDAGOGÍA','20123047','http://feriavirtual.upqroo.edu.mx/SeccionAdministrativa/docs_Unis/carreras/1612911572.jpg','3 años',14,3,72,2),(70,'TURISMO','20121141','http://feriavirtual.upqroo.edu.mx/SeccionAdministrativa/docs_Unis/carreras/1612911615.jpg','3 años',14,2,73,2),(71,'NUTRICIÓN','20110027','http://feriavirtual.upqroo.edu.mx/SeccionAdministrativa/docs_Unis/carreras/1612911795.jpg','3  años más 1 de servicio social',14,3,74,1),(72,'Administración de empresas','20170335/2017-05-24','http://feriavirtual.upqroo.edu.mx/SeccionAdministrativa/docs_Unis/carreras/1613498448.pdf','3 años',15,3,75,2),(73,'Administraciòn Empresarial','20170335 2017-05-26','http://feriavirtual.upqroo.edu.mx/SeccionAdministrativa/docs_Unis/carreras/1613498495.pdf','3 años',15,3,76,2),(74,'Contabilidad y Finanzas','20170337  2017-05-26','http://feriavirtual.upqroo.edu.mx/SeccionAdministrativa/docs_Unis/carreras/1613498543.pdf','3 años',15,2,77,2),(75,'Derecho','20170339 2017-05-26','http://feriavirtual.upqroo.edu.mx/SeccionAdministrativa/docs_Unis/carreras/1613498668.pdf','3 años',15,2,78,2),(76,'Derecho y Ciencias Juridicas','20170338 2017-05-26','http://feriavirtual.upqroo.edu.mx/SeccionAdministrativa/docs_Unis/carreras/1613498750.pdf','3 años',15,2,79,2),(77,'Diseño Gráfico Digital','20170340/2017-05-27','http://feriavirtual.upqroo.edu.mx/SeccionAdministrativa/docs_Unis/carreras/1613498787.pdf','3 años',15,3,80,2),(78,'Educaciòn','20180024/2018-01-10','http://feriavirtual.upqroo.edu.mx/SeccionAdministrativa/docs_Unis/carreras/1613498801.pdf','3 años',15,3,81,2),(79,'Educación física, recreación y deporte','20180063/2018-01-16','http://feriavirtual.upqroo.edu.mx/SeccionAdministrativa/docs_Unis/carreras/1613498817.pdf','3 años',15,3,82,2),(80,'Ingenieria en Software y sistemas computacionales','20170342/2017-05-26','NA','3 años',15,3,83,2),(81,'Psicologia Organizacional','20170344/2017-05-26','http://feriavirtual.upqroo.edu.mx/SeccionAdministrativa/docs_Unis/carreras/1613499089.pdf','3 años',15,3,84,2),(82,'Administraciòn de Negocios','20192526/2019-06-20','http://feriavirtual.upqroo.edu.mx/SeccionAdministrativa/docs_Unis/carreras/1613499105.pdf','3 años',15,3,85,4),(83,'Educaciòn','20192617/2019-06-25','http://feriavirtual.upqroo.edu.mx/SeccionAdministrativa/docs_Unis/carreras/1613499118.pdf','3 años',15,3,86,4),(84,'Licenciatura en Enseñanza y Aprendizaje de la Historia.','245372','NA','4',16,2,87,2),(85,'Licenciatura en Enseñanza y Aprendizaje de la Telesecundaria.','245372','NA','4',16,2,88,2),(86,'Derecho',' 201917LDM','http://feriavirtual.upqroo.edu.mx/SeccionAdministrativa/docs_Unis/carreras/1613231517.pdf','3 años',17,3,89,2),(87,'Diseño, Arte y Animación Digital','201803DAyAD','http://feriavirtual.upqroo.edu.mx/SeccionAdministrativa/docs_Unis/carreras/1613231567.pdf','3 años',17,3,90,2),(88,'Gestión de Empresas','201918LGE','http://feriavirtual.upqroo.edu.mx/SeccionAdministrativa/docs_Unis/carreras/1613231592.pdf','3 años',17,3,91,2),(89,'Administración Aduanera','201869LAA','http://feriavirtual.upqroo.edu.mx/SeccionAdministrativa/docs_Unis/carreras/1613231646.pdf','3 años',17,3,92,2),(92,'MAESTRÍA EN ORDENAMIENTO TERRITORIAL','201986MOT','http://feriavirtual.upqroo.edu.mx/SeccionAdministrativa/docs_Unis/carreras/1613770583.pdf','Cuatrimestral',18,2,95,4),(93,'MAESTRÍA EN SEGURIDAD Y SALUD EN EL TRABAJO','201987MSYST','http://feriavirtual.upqroo.edu.mx/SeccionAdministrativa/docs_Unis/carreras/1613770601.pdf','Cuatrimestral',18,2,96,4),(94,'MAESTRÍA EN GESTIÓN INTEGRAL DEL RIESGO','201982MGIR','http://feriavirtual.upqroo.edu.mx/SeccionAdministrativa/docs_Unis/carreras/1613770621.pdf','Cuatrimestral',18,2,97,4),(95,'MAESTRIA EN SEGURIDAD INFORMÁTICA','201985MSI','http://feriavirtual.upqroo.edu.mx/SeccionAdministrativa/docs_Unis/carreras/1613770650.pdf','Cuatrimestral',18,2,98,4),(96,'MAESTRÍA EN TECNOPEDAGOGÍA Y EDUCACIÓN VIRTUAL','202078MTyEV','http://feriavirtual.upqroo.edu.mx/SeccionAdministrativa/docs_Unis/carreras/1613773519.pdf','Cuatrimestral',18,2,99,4),(97,'ESPECIALIDAD EN HISTORIA Y ARQUEOLOGÍA MAYA','201984EHYAM','http://feriavirtual.upqroo.edu.mx/SeccionAdministrativa/docs_Unis/carreras/1613771793.pdf','Cuatrimestral',18,2,100,3),(98,'ESPECIALIDAD EN FORMULACIÓN Y EVALUACIÓN DE PROYECTOS','201983EFYEP','http://feriavirtual.upqroo.edu.mx/SeccionAdministrativa/docs_Unis/carreras/1613771810.pdf','Cuatrimestral',18,2,101,3),(99,'Licenciatura en Enfermería','201662LE','http://feriavirtual.upqroo.edu.mx/SeccionAdministrativa/docs_Unis/carreras/1612902618.pdf','2016 - 2021',19,3,102,2),(100,'ADMINISTRACIÓN','200917LA','http://feriavirtual.upqroo.edu.mx/SeccionAdministrativa/docs_Unis/carreras/1612550463.jpg','OÑOTO21',20,3,103,2),(101,'ADMINISTRACIÓN  DE NEGOCIOS DE LA HOSPITALIDAD','201721LANH','http://feriavirtual.upqroo.edu.mx/SeccionAdministrativa/docs_Unis/carreras/1612550485.jpg','OÑOTO21',20,3,104,2),(102,'ADMINISTRACIÓN PÚBLICA Y CIENCIAS POLÍTICAS','201403LAPC','http://feriavirtual.upqroo.edu.mx/SeccionAdministrativa/docs_Unis/carreras/1612550579.jpg','OÑOTO21',20,3,105,2),(103,'ARQUITECTURA','200916LARQ','http://feriavirtual.upqroo.edu.mx/SeccionAdministrativa/docs_Unis/carreras/1612550591.jpg','OÑOTO21',20,3,106,2),(104,'COMERCIO INTERNACIONAL','200914LCI','http://feriavirtual.upqroo.edu.mx/SeccionAdministrativa/docs_Unis/carreras/1612550662.jpg','OÑOTO21',20,3,107,2),(105,'COMUNICACIÓN','200913LC','http://feriavirtual.upqroo.edu.mx/SeccionAdministrativa/docs_Unis/carreras/1612550691.jpg','OÑOTO21',20,3,108,2),(106,'CONTADURÍA PÚBLICA','200920LCP','http://feriavirtual.upqroo.edu.mx/SeccionAdministrativa/docs_Unis/carreras/1612550706.jpg','OÑOTO21',20,3,109,2),(107,'DERECHO','200919LD','http://feriavirtual.upqroo.edu.mx/SeccionAdministrativa/docs_Unis/carreras/1612550718.jpg','OÑOTO21',20,3,110,2),(108,'DISEÑO GRÁFICO Y DIGITAL','201743LDGYD','http://feriavirtual.upqroo.edu.mx/SeccionAdministrativa/docs_Unis/carreras/1612550786.jpg','OÑOTO21',20,3,111,2),(109,'ENFERMERÍA','201925LE','http://feriavirtual.upqroo.edu.mx/SeccionAdministrativa/docs_Unis/carreras/1612550799.jpg','OÑOTO21',20,3,112,2),(110,'FISIOTERAPIA','201763LF','http://feriavirtual.upqroo.edu.mx/SeccionAdministrativa/docs_Unis/carreras/1612550811.jpeg','OÑOTO21',20,3,113,2),(111,'GASTRONOMÍA','200915LG','http://feriavirtual.upqroo.edu.mx/SeccionAdministrativa/docs_Unis/carreras/1612550828.jpg','OÑOTO21',20,3,114,2),(112,'LENGUAS EXTRANJERAS','200918LLE','http://feriavirtual.upqroo.edu.mx/SeccionAdministrativa/docs_Unis/carreras/1612550840.jpg','OÑOTO21',20,3,115,2),(113,'MERCADOTECNIA Y DISEÑO PUBLICITARIO','200921LMYDP','http://feriavirtual.upqroo.edu.mx/SeccionAdministrativa/docs_Unis/carreras/1612550854.jpg','OÑOTO21',20,3,116,2),(114,'NUTRICIÓN Y DIETÉTICA','201913LNYD','http://feriavirtual.upqroo.edu.mx/SeccionAdministrativa/docs_Unis/carreras/1612550866.jpg','OÑOTO21',20,3,117,2),(115,'PSICOLOGÍA','201402LP','http://feriavirtual.upqroo.edu.mx/SeccionAdministrativa/docs_Unis/carreras/1612550889.jpg','OÑOTO21',20,3,118,2),(116,'SISTEMAS COMPUTACIONALES','200922LSC','http://feriavirtual.upqroo.edu.mx/SeccionAdministrativa/docs_Unis/carreras/1612550613.jpg','OÑOTO21',20,3,119,2),(117,'Licenciatura en Gastronomía','RVOE201833LG','http://feriavirtual.upqroo.edu.mx/SeccionAdministrativa/docs_Unis/carreras/1613212566.pdf','21 de julio de 2021',21,3,120,2),(118,'1','2019110LCyC','NA','2021',22,2,121,2),(119,'2','2019109LD','NA','2020',22,2,122,2),(120,'Arquitectura','511303','http://feriavirtual.upqroo.edu.mx/SeccionAdministrativa/docs_Unis/carreras/1613102939.pdf','4 años y medio',23,2,123,2),(121,'Ingeniería Civil','511301 ','http://feriavirtual.upqroo.edu.mx/SeccionAdministrativa/docs_Unis/carreras/1613102959.pdf','4 años y medio',23,2,124,2),(122,'Licenciatura en Biología','121301','http://feriavirtual.upqroo.edu.mx/SeccionAdministrativa/docs_Unis/carreras/1613103007.pdf','4 años y medio',23,2,125,2),(123,'Licenciatura en Administración','621311 ','http://feriavirtual.upqroo.edu.mx/SeccionAdministrativa/docs_Unis/carreras/1613103063.pdf','4 años y medio',23,2,126,2),(124,'Ingeniería en Administración','510381','http://feriavirtual.upqroo.edu.mx/SeccionAdministrativa/docs_Unis/carreras/1613103112.pdf','4 años y medio',23,2,127,2),(125,'Ingeniería en Gestión Empresarial','516344','http://feriavirtual.upqroo.edu.mx/SeccionAdministrativa/docs_Unis/carreras/1613103164.pdf','4 años y medio',23,2,128,2),(126,'Ingeniería Eléctrica','509322 ','http://feriavirtual.upqroo.edu.mx/SeccionAdministrativa/docs_Unis/carreras/1613103209.pdf','4 años y medio',23,2,129,2),(127,'Ingeniería en Sistemas Computacionales','521312','http://feriavirtual.upqroo.edu.mx/SeccionAdministrativa/docs_Unis/carreras/1613103259.pdf','4 años y medio',23,2,130,2),(128,'Ingeniería en Tecnologías de la Información y Comunicaciones','520387 ','http://feriavirtual.upqroo.edu.mx/SeccionAdministrativa/docs_Unis/carreras/1613103310.pdf','4 años y medio',23,2,131,2),(129,'Contador Público','621307','http://feriavirtual.upqroo.edu.mx/SeccionAdministrativa/docs_Unis/carreras/1613103373.pdf','4 años y medio',23,2,132,2),(130,'Maestría en Construcción','511556','http://feriavirtual.upqroo.edu.mx/SeccionAdministrativa/docs_Unis/carreras/1613103414.pdf','2 años',23,2,133,4),(131,'Maestría en Manejo de Zona Costera','130508','http://feriavirtual.upqroo.edu.mx/SeccionAdministrativa/docs_Unis/carreras/1613103463.pdf','2 años',23,2,134,4),(132,'Maestría en Urbanismo','511533','http://feriavirtual.upqroo.edu.mx/SeccionAdministrativa/docs_Unis/carreras/1613103505.pdf','2 años',23,2,135,4),(133,'Doctorado en Ciencias Ambientales','121628','http://feriavirtual.upqroo.edu.mx/SeccionAdministrativa/docs_Unis/carreras/1613103554.pdf','4 años',23,2,136,5),(135,'Licenciatura en Turismo','09DPN6804V','http://feriavirtual.upqroo.edu.mx/SeccionAdministrativa/docs_Unis/carreras/1612988947.pdf','22 de mayo de 2020 al 31 de agosto de 2022.',25,1,138,2),(136,'LICENCIATURA EN DERECHO','201719LD','http://feriavirtual.upqroo.edu.mx/SeccionAdministrativa/docs_Unis/carreras/1613247922.pdf','3 AÑOS',26,3,139,2),(137,'LICENCIATURA EN ADMINISTRACIÓN Y DIRECCIÓN','201718LAYD','http://feriavirtual.upqroo.edu.mx/SeccionAdministrativa/docs_Unis/carreras/1613247941.pdf','3 AÑOS',26,3,140,2),(138,'LICENCIATURA EN INGENIERIA EN SISTEMAS COMPUTACIONALES','201756LISC','http://feriavirtual.upqroo.edu.mx/SeccionAdministrativa/docs_Unis/carreras/1613247955.pdf','3 AÑOS',26,3,141,2),(142,'LICENCIATURA EN DERECHO ','RVOE201936LD','http://feriavirtual.upqroo.edu.mx/SeccionAdministrativa/docs_Unis/carreras/1613774828.pdf','Septiembre',27,1,145,2),(143,'LICENCIATURA EN CONTADURÍA PÚBLICA ','RVOE201937LCP','http://feriavirtual.upqroo.edu.mx/SeccionAdministrativa/docs_Unis/carreras/1613660409.pdf','Septiembre',27,1,146,2),(144,'MERCADOTECNIA','202047LM','http://feriavirtual.upqroo.edu.mx/SeccionAdministrativa/docs_Unis/carreras/1613692163.pdf','3 AÑOS 4 MESES',28,2,147,2),(145,'CONTABILIDAD Y FINANZAS','202045LCyF','http://feriavirtual.upqroo.edu.mx/SeccionAdministrativa/docs_Unis/carreras/1613692095.pdf','3 AÑOS 4 MESES',28,2,148,2),(146,'ADMINISTRACIÒN','202044LA','http://feriavirtual.upqroo.edu.mx/SeccionAdministrativa/docs_Unis/carreras/1613520048.pdf','3 AÑOS 4 MESES',28,3,149,2),(147,'DERECHO','202046LD','http://feriavirtual.upqroo.edu.mx/SeccionAdministrativa/docs_Unis/carreras/1613520087.pdf','3 AÑOS 4 MESES',28,3,150,2),(148,'RELACIONES PUBLICAS, TURISTICAS E IDIOMAS','202048LRPTI','http://feriavirtual.upqroo.edu.mx/SeccionAdministrativa/docs_Unis/carreras/1613520114.pdf','3 AÑOS 4 MESES',28,3,151,2),(149,'PSICOLOGÍA ','RVOE982010','http://feriavirtual.upqroo.edu.mx/SeccionAdministrativa/docs_Unis/carreras/1613577423.pdf','10 febrero 1998',29,1,152,2),(150,'PEDAGOGÍA ','RVOE20123181','http://feriavirtual.upqroo.edu.mx/SeccionAdministrativa/docs_Unis/carreras/1613577533.pdf','14 diciembre 2012 ',29,1,153,2),(151,'DERECHO','RVOE201967LD','http://feriavirtual.upqroo.edu.mx/SeccionAdministrativa/docs_Unis/carreras/1613060216.pdf','ABRIL 2019 - AGOSTO 2022',30,3,154,2),(152,'CIENCIAS DE LA EDUCACIÓN','RVOE202088LCE','http://feriavirtual.upqroo.edu.mx/SeccionAdministrativa/docs_Unis/carreras/1613060266.pdf','MAYO 2020 - AGOSTO 2023',30,3,155,2),(153,'CONTADURIA PUBLICA Y FINANZAS','RVOE201961LCPyF','http://feriavirtual.upqroo.edu.mx/SeccionAdministrativa/docs_Unis/carreras/1613060275.pdf','ABRIL 2019-AGOSTO 2022',30,3,156,2),(154,'PSICOLOGIA ORGANIZACIONAL','RVOE202087LPO','http://feriavirtual.upqroo.edu.mx/SeccionAdministrativa/docs_Unis/carreras/1613060286.pdf','MAYO 2020 - AGOSTO 2023',30,3,157,2),(155,'ADMINISTRACION DE EMPRESAS ','RVOE201960LAE','http://feriavirtual.upqroo.edu.mx/SeccionAdministrativa/docs_Unis/carreras/1613060303.pdf','ABRIL 2019- AGOSTO 2022',30,3,158,2),(156,'MARKETING DIGITAL Y REDES SOCIALES','RVOE201963LMDyRS','http://feriavirtual.upqroo.edu.mx/SeccionAdministrativa/docs_Unis/carreras/1613060317.pdf','ABRIL 2019 - AGOSTO 2022',30,3,159,2),(157,'MAESTRIA EN EDUCACION E INNOVACIÓN EDUCATIVA','RVOE20962MEIP','http://feriavirtual.upqroo.edu.mx/SeccionAdministrativa/docs_Unis/carreras/1613060342.pdf','ABRIL 2019-AGOSTO2021',30,3,160,4),(158,'ENFERMERÍA','201914LE','http://feriavirtual.upqroo.edu.mx/SeccionAdministrativa/docs_Unis/carreras/1612896852.jpg','04/2016- 07/2023',31,3,161,2),(159,'CRIMINOLOGÍA Y CRIMINALÍSTICA','291747LCyC','http://feriavirtual.upqroo.edu.mx/SeccionAdministrativa/docs_Unis/carreras/1612896761.jpg','09/2019- 08/2022',31,3,162,2),(160,'GASTRONOMÍA','201713LG','http://feriavirtual.upqroo.edu.mx/SeccionAdministrativa/docs_Unis/carreras/1612896876.jpg','02/2020- 08/2023',31,3,163,2),(161,'TURISMO','201715LT','http://feriavirtual.upqroo.edu.mx/SeccionAdministrativa/docs_Unis/carreras/1612896900.jpg','02/2020- 08/2023',31,3,164,2),(162,'FINANZAS Y CONTADURÍA PÚLICA','201711LFyCP','http://feriavirtual.upqroo.edu.mx/SeccionAdministrativa/docs_Unis/carreras/1612896922.jpg','02/2020- 08/2023',31,3,165,2),(163,'CIENCIAS POLÍTICAS','201706LCP','http://feriavirtual.upqroo.edu.mx/SeccionAdministrativa/docs_Unis/carreras/1612897064.jpg','02/2020- 08/2023',31,3,166,2),(164,'ADMINISTRACIÓN DE EMPRESAS','201709LAE','http://feriavirtual.upqroo.edu.mx/SeccionAdministrativa/docs_Unis/carreras/1612897106.jpg','02/2020- 08/2023',31,3,167,2),(165,'IDIOMA INGLÉS','201714LII','http://feriavirtual.upqroo.edu.mx/SeccionAdministrativa/docs_Unis/carreras/1612897127.jpg','02/2020- 08/2023',31,3,168,2),(166,'DERECHO','201731LD','http://feriavirtual.upqroo.edu.mx/SeccionAdministrativa/docs_Unis/carreras/1612897192.jpg','02/2020- 08/2023',31,3,169,2),(167,'PSICOPEDAGOGÍA','201710LP','http://feriavirtual.upqroo.edu.mx/SeccionAdministrativa/docs_Unis/carreras/1612897220.jpg','02/2020- 08/2023',31,3,170,2),(168,'MERCADOTECNIA','201712LM','http://feriavirtual.upqroo.edu.mx/SeccionAdministrativa/docs_Unis/carreras/1612897452.jpg','02/2020- 08/2023',31,3,171,2),(169,'Pruebas','Pruebas','http://feriavirtual.upqroo.edu.mx/SeccionAdministrativa/docs_Unis/carreras/1613166179.pdf','Pruebas',32,1,172,3),(170,'INGENIERA AMBIENTAL','NA','http://feriavirtual.upqroo.edu.mx/SeccionAdministrativa/docs_Unis/carreras/1613746515.pdf','',33,2,173,2),(171,'SISTEMAS DE ENERGÍA','NA','http://feriavirtual.upqroo.edu.mx/SeccionAdministrativa/docs_Unis/carreras/1613748403.pdf','',33,2,174,2),(172,'REDES','NA','http://feriavirtual.upqroo.edu.mx/SeccionAdministrativa/docs_Unis/carreras/1613748467.pdf','',33,2,175,2),(173,'RECURSOS NATURALES','NA','http://feriavirtual.upqroo.edu.mx/SeccionAdministrativa/docs_Unis/carreras/1613748509.pdf','',33,2,176,2),(174,'MEDICINA','NA','http://feriavirtual.upqroo.edu.mx/SeccionAdministrativa/docs_Unis/carreras/1613748569.pdf','',33,2,177,2),(175,'ENFERMERÍA','NA','http://feriavirtual.upqroo.edu.mx/SeccionAdministrativa/docs_Unis/carreras/1613748608.pdf','',33,2,178,2),(176,'FARMACIA','NA','http://feriavirtual.upqroo.edu.mx/SeccionAdministrativa/docs_Unis/carreras/1613748651.pdf','',33,2,179,2),(177,'ANTROPOLOGÍA SOCIAL','NA','http://feriavirtual.upqroo.edu.mx/SeccionAdministrativa/docs_Unis/carreras/1613748694.pdf','',33,2,180,2),(178,'DERECHO','NA','http://feriavirtual.upqroo.edu.mx/SeccionAdministrativa/docs_Unis/carreras/1613748744.pdf','',33,2,181,2),(179,'ECONOMÍA Y FINANZAS','NA','http://feriavirtual.upqroo.edu.mx/SeccionAdministrativa/docs_Unis/carreras/1613748805.pdf','',33,2,182,2),(180,'MERCADOCTENIA Y NEGOCIOS','NA','http://feriavirtual.upqroo.edu.mx/SeccionAdministrativa/docs_Unis/carreras/1613748853.pdf','',33,2,183,2),(181,'GESTIÓN DEL TURISMO ALTERNATIVO','NA','http://feriavirtual.upqroo.edu.mx/SeccionAdministrativa/docs_Unis/carreras/1613749040.pdf','',33,2,184,2),(182,'HUMANIDADES','NA','http://feriavirtual.upqroo.edu.mx/SeccionAdministrativa/docs_Unis/carreras/1613749080.pdf','',33,2,185,2),(183,'RELACIONES INTERNACIONALES','NA','http://feriavirtual.upqroo.edu.mx/SeccionAdministrativa/docs_Unis/carreras/1613749203.pdf','',33,2,186,2),(184,'GOBIERNO Y GESTIÓN PÚBLICA','NA','http://feriavirtual.upqroo.edu.mx/SeccionAdministrativa/docs_Unis/carreras/1613749268.pdf','',33,2,187,2),(185,'LENGUA INGLESA','NA','http://feriavirtual.upqroo.edu.mx/SeccionAdministrativa/docs_Unis/carreras/1613749359.pdf','',33,2,188,2),(186,'INGENIERÍA EMPRESARIAL','NA','http://feriavirtual.upqroo.edu.mx/SeccionAdministrativa/docs_Unis/carreras/1613749405.pdf','',33,2,189,2),(187,'ADMINISTRACIÓN HOTELERA','NA','http://feriavirtual.upqroo.edu.mx/SeccionAdministrativa/docs_Unis/carreras/1613749444.pdf','',33,2,190,2),(188,'GESTIÓN DE SERVICIOS TURÍSTICOS','NA','http://feriavirtual.upqroo.edu.mx/SeccionAdministrativa/docs_Unis/carreras/1613749570.pdf','',33,2,191,2),(189,'SEGURIDAD PÚBLICA','NA','http://feriavirtual.upqroo.edu.mx/SeccionAdministrativa/docs_Unis/carreras/1613749535.pdf','',33,2,192,2),(190,'Administración de Empresas Sustentables','201142MA','http://feriavirtual.upqroo.edu.mx/SeccionAdministrativa/docs_Unis/carreras/1613067675.pdf','16 Meses  ',34,3,193,4),(191,'Administración de Proyectos','201140MA  ','http://feriavirtual.upqroo.edu.mx/SeccionAdministrativa/docs_Unis/carreras/1613067754.pdf','18 Meses',34,3,194,4),(192,'Educación con Énfasis en Docencia','201406MD','http://feriavirtual.upqroo.edu.mx/SeccionAdministrativa/docs_Unis/carreras/1613067866.pdf','18 Meses',34,3,195,4),(193,'Gerencia de Programas Sanitarios en Inocuidad de Alimentos','201275MA','http://feriavirtual.upqroo.edu.mx/SeccionAdministrativa/docs_Unis/carreras/1613067923.pdf','18 Meses',34,3,196,4),(194,'Criminología','201277MA ','http://feriavirtual.upqroo.edu.mx/SeccionAdministrativa/docs_Unis/carreras/1613068022.pdf','16 Meses',34,3,197,4),(195,'Gestión de Áreas Protegidas y Desarrollo Ecoregional','201139MA  ','http://feriavirtual.upqroo.edu.mx/SeccionAdministrativa/docs_Unis/carreras/1613068079.pdf','18 Meses',34,3,198,4),(196,'Liderazgo y Gerencia Ambiental','201441MA  ','http://feriavirtual.upqroo.edu.mx/SeccionAdministrativa/docs_Unis/carreras/1613068294.pdf','18 Meses',34,3,199,4),(197,'Legislación Ambiental','201276MA  ','http://feriavirtual.upqroo.edu.mx/SeccionAdministrativa/docs_Unis/carreras/1613068130.pdf','16 Meses',34,3,200,4),(198,'Ciencias Jurídicas',' 201274MA','http://feriavirtual.upqroo.edu.mx/SeccionAdministrativa/docs_Unis/carreras/1613068356.pdf','16 Meses',34,3,201,4),(199,'Ciencias Jurídicas','201273DCJ','http://feriavirtual.upqroo.edu.mx/SeccionAdministrativa/docs_Unis/carreras/1613068411.pdf','24 meses',34,3,202,5),(200,'Ciencias Económicas y Administrativas',' 201143DCEA','http://feriavirtual.upqroo.edu.mx/SeccionAdministrativa/docs_Unis/carreras/1613068448.pdf','24 meses',34,3,203,5),(201,'Educación Preescolar','201340l LP','http://feriavirtual.upqroo.edu.mx/SeccionAdministrativa/docs_Unis/carreras/1613142352.pdf','2022-2023',35,3,204,2),(202,'Psicología','201102LP','http://feriavirtual.upqroo.edu.mx/SeccionAdministrativa/docs_Unis/carreras/1613142410.pdf','30 de agosto de 2024',35,3,205,2),(203,'Psicopedagogía','200709LCE','http://feriavirtual.upqroo.edu.mx/SeccionAdministrativa/docs_Unis/carreras/1613142424.pdf','31 de agosto de 2022',35,3,206,2),(204,'Administración','201123LA','http://feriavirtual.upqroo.edu.mx/SeccionAdministrativa/docs_Unis/carreras/1613142440.pdf','31 de agosto de 2022',35,3,207,2),(205,'Administración de Empresas Turísticas','201125LAET','http://feriavirtual.upqroo.edu.mx/SeccionAdministrativa/docs_Unis/carreras/1613142449.pdf','31 de agosto de 2022',35,3,208,2),(206,'Mercadotecnia','201122LM','http://feriavirtual.upqroo.edu.mx/SeccionAdministrativa/docs_Unis/carreras/1613142461.pdf','31 de agosto de 2022',35,3,209,2),(207,'Derecho','201124LD','http://feriavirtual.upqroo.edu.mx/SeccionAdministrativa/docs_Unis/carreras/1613142469.pdf','31 de agosto de 2022',35,3,210,2),(208,'Ciencias de la Educación','200709LCE','http://feriavirtual.upqroo.edu.mx/SeccionAdministrativa/docs_Unis/carreras/1613142488.pdf','31 de agosto de 2022',35,3,211,2),(209,'Administración Hotelera y Negocios Turísticos','200713LAHNT','http://feriavirtual.upqroo.edu.mx/SeccionAdministrativa/docs_Unis/carreras/1613396250.pdf','31 de agosto de 2022',35,3,212,2),(210,'Administración De Empresas','20180116','http://feriavirtual.upqroo.edu.mx/SeccionAdministrativa/docs_Unis/carreras/1612971494.png','2018-01-19',36,3,213,2),(211,'Administración De Empresas','20180117','http://feriavirtual.upqroo.edu.mx/SeccionAdministrativa/docs_Unis/carreras/1612971525.png','2018-01-19',36,3,214,2),(212,'Administración De Empresas Turísticas','20180128','http://feriavirtual.upqroo.edu.mx/SeccionAdministrativa/docs_Unis/carreras/1612971539.png','2018-01-19',36,3,215,2),(213,'Administración De Empresas Turísticas','20191850','http://feriavirtual.upqroo.edu.mx/SeccionAdministrativa/docs_Unis/carreras/1612971556.png','2019-05-10',36,3,216,2),(214,'Ciencias De La Educación Con Terminal En Psicología','20180119','http://feriavirtual.upqroo.edu.mx/SeccionAdministrativa/docs_Unis/carreras/1612971573.png','2018-01-19',36,3,217,2),(215,'Contaduría Pública','20191851','http://feriavirtual.upqroo.edu.mx/SeccionAdministrativa/docs_Unis/carreras/1612971588.png','2019-05-10',36,3,218,2),(216,'Contaduría Pública','20180120','http://feriavirtual.upqroo.edu.mx/SeccionAdministrativa/docs_Unis/carreras/1612971607.png','2018-01-19',36,3,219,2),(217,' Derecho ','20180121','http://feriavirtual.upqroo.edu.mx/SeccionAdministrativa/docs_Unis/carreras/1612971629.png','2018-01-19',36,3,220,2),(218,'Derecho ','20180122','http://feriavirtual.upqroo.edu.mx/SeccionAdministrativa/docs_Unis/carreras/1612971644.png','2018-01-19',36,3,221,2),(219,'Gastronomía ','20180124','http://feriavirtual.upqroo.edu.mx/SeccionAdministrativa/docs_Unis/carreras/1612971659.png','2018-01-19',36,3,222,2),(220,'Mercadotecnia ','20180125','http://feriavirtual.upqroo.edu.mx/SeccionAdministrativa/docs_Unis/carreras/1612971675.png','2018-01-19',36,3,223,2),(221,'Mercadotecnia ','20180126','http://feriavirtual.upqroo.edu.mx/SeccionAdministrativa/docs_Unis/carreras/1612971733.png','2018-01-19',36,3,224,2),(222,'Psicología','20180123','http://feriavirtual.upqroo.edu.mx/SeccionAdministrativa/docs_Unis/carreras/1612971762.png','2018-01-19',36,3,225,2),(223,'Psicología','20180127','http://feriavirtual.upqroo.edu.mx/SeccionAdministrativa/docs_Unis/carreras/1612971775.png','2018-01-19',36,3,226,2),(224,'Administración','20180129','http://feriavirtual.upqroo.edu.mx/SeccionAdministrativa/docs_Unis/carreras/1612971808.png','2018-01-19',36,3,227,4),(225,'Ciencias De La Educación Con Formación En Docencia E Investigación ','20180130','http://feriavirtual.upqroo.edu.mx/SeccionAdministrativa/docs_Unis/carreras/1612971840.png','2018-01-19',36,3,228,4),(226,'Gastronomia','615429','http://feriavirtual.upqroo.edu.mx/SeccionAdministrativa/docs_Unis/carreras/1613165314.jpg','2 años',37,2,229,1),(227,'Desarrollo de Negocios Área Mercadotecnica','509419','http://feriavirtual.upqroo.edu.mx/SeccionAdministrativa/docs_Unis/carreras/1613165339.jpg','2 años',37,2,230,1),(228,'Mecatrónica Área Sistemas de Manufactura Flexibe','509423','http://feriavirtual.upqroo.edu.mx/SeccionAdministrativa/docs_Unis/carreras/1613165382.jpg','2 años',37,2,231,1),(229,'Tecnologías de información Área Desarrollo de Software Multiplataforma','111407','http://feriavirtual.upqroo.edu.mx/SeccionAdministrativa/docs_Unis/carreras/1613165405.jpg','2 años',37,2,232,1),(230,'Gastronomía','615318','http://feriavirtual.upqroo.edu.mx/SeccionAdministrativa/docs_Unis/carreras/1613154586.pdf','1 año 8 meses',37,2,233,2),(231,'Mecatrónica','514371','http://feriavirtual.upqroo.edu.mx/SeccionAdministrativa/docs_Unis/carreras/1613154616.pdf','1 año 8 meses',37,2,234,2),(232,'Innovación de Negocios y Mercadotécnia','671330','http://feriavirtual.upqroo.edu.mx/SeccionAdministrativa/docs_Unis/carreras/1613154661.pdf','1 año 8 meses',37,2,235,2),(233,'Tecnologías de la Información y Comunicación ','**','http://feriavirtual.upqroo.edu.mx/SeccionAdministrativa/docs_Unis/carreras/1613154689.pdf','1 años 8 meses',37,2,236,2),(234,'Diseño de Moda','201117LDM','http://feriavirtual.upqroo.edu.mx/SeccionAdministrativa/docs_Unis/carreras/1613158844.pdf','2018-2024',38,3,237,2),(235,'Arquitectura y Diseño de Interiores','201148LADI','http://feriavirtual.upqroo.edu.mx/SeccionAdministrativa/docs_Unis/carreras/1613158866.pdf','2018-2024',38,3,238,2),(236,'Administración de Empresas','20090121','http://feriavirtual.upqroo.edu.mx/SeccionAdministrativa/docs_Unis/carreras/1613156686.jpg','',39,3,239,2),(237,'Contaduría Pública','2007657','http://feriavirtual.upqroo.edu.mx/SeccionAdministrativa/docs_Unis/carreras/1613156726.jpg','',39,3,240,2),(238,'Relaciones Internacionales','20100329','http://feriavirtual.upqroo.edu.mx/SeccionAdministrativa/docs_Unis/carreras/1613156756.jpg','',39,3,241,2),(239,'Derecho','2007658','http://feriavirtual.upqroo.edu.mx/SeccionAdministrativa/docs_Unis/carreras/1613156776.jpg','',39,3,242,2),(240,'Ingeniería en Sistemas Computacionales','20090510','http://feriavirtual.upqroo.edu.mx/SeccionAdministrativa/docs_Unis/carreras/1613156798.jpg','',39,3,243,2),(241,'Trabajo Social','20110097','http://feriavirtual.upqroo.edu.mx/SeccionAdministrativa/docs_Unis/carreras/1613156842.jpg','',39,3,244,2),(242,'Diseño Gráfico','20110096','http://feriavirtual.upqroo.edu.mx/SeccionAdministrativa/docs_Unis/carreras/1613157247.jpg','',39,3,245,2),(243,'Ciencias de la Comunicación','20110095','http://feriavirtual.upqroo.edu.mx/SeccionAdministrativa/docs_Unis/carreras/1613157267.jpg','',39,3,246,2),(244,'Odontología','20100332','http://feriavirtual.upqroo.edu.mx/SeccionAdministrativa/docs_Unis/carreras/1613157287.jpg','',39,3,247,2),(245,'Arquitectura','20100328','http://feriavirtual.upqroo.edu.mx/SeccionAdministrativa/docs_Unis/carreras/1613157308.jpg','',39,3,248,2),(246,'Psicología Organizacional','20100330','http://feriavirtual.upqroo.edu.mx/SeccionAdministrativa/docs_Unis/carreras/1613157329.jpg','',39,3,249,2),(247,'Comercio Exterior y Aduanas','20090120','http://feriavirtual.upqroo.edu.mx/SeccionAdministrativa/docs_Unis/carreras/1613157367.jpg','',39,3,250,2),(248,'Pedagogía','20090119','http://feriavirtual.upqroo.edu.mx/SeccionAdministrativa/docs_Unis/carreras/1613157387.jpg','',39,3,251,2),(249,'Varias','RVOE','NA','',40,2,252,2),(250,'Gestión y Desarrollo Turístico','','NA','4 años y 8 meses',41,2,253,2),(251,'Gastronomía',NULL,'NA',NULL,41,2,254,2),(252,'Mantenimiento Industrial','','NA','4 años y 8 meses',41,2,255,2),(253,'Ing. Desarrollo y Gestión de Software','','NA','4 años y 8 meses',41,2,256,2),(254,'Gestión del Capital Humano','','NA','4 años y 8 meses',41,2,257,2),(255,'Ing. Entornos Virtuales y Negocios Digitales','','NA','4 años y 8 meses',41,2,258,2),(256,'Contaduría','','NA','4 años y 8 meses',41,2,259,2),(257,' LENGUA Y CULTURA','220302','http://feriavirtual.upqroo.edu.mx/SeccionAdministrativa/docs_Unis/carreras/1613627869.pdf','4 AÑOS Y MEDIO',42,2,260,2),(258,'INGENIERÍA EN SISTEMAS DE PRODUCCIÓN AGROECOLÓGICOS','320323','http://feriavirtual.upqroo.edu.mx/SeccionAdministrativa/docs_Unis/carreras/1613247317.pdf','4 AÑOS Y MEDIO',42,2,261,2),(259,'TURISMO ALTERNATIVO','615338','http://feriavirtual.upqroo.edu.mx/SeccionAdministrativa/docs_Unis/carreras/1613247342.pdf','4 AÑOS Y MEDIO',42,2,262,2),(260,'GESTIÓN MUNICIPAL','619301','http://feriavirtual.upqroo.edu.mx/SeccionAdministrativa/docs_Unis/carreras/1613627747.pdf','4 AÑOS Y MEDIO',42,2,263,2),(261,'SALUD COMUNITARIA','453303','http://feriavirtual.upqroo.edu.mx/SeccionAdministrativa/docs_Unis/carreras/1613247370.pdf','4 AÑOS Y MEDIO',42,2,264,2),(262,'INGENIERÍA EN DESARROLLO EMPRESARIAL','516363','http://feriavirtual.upqroo.edu.mx/SeccionAdministrativa/docs_Unis/carreras/1613627771.pdf','4 AÑOS Y MEDIO',42,2,265,2),(263,'GESTIÓN Y DESARROLLO DE LAS ARTE','771342','http://feriavirtual.upqroo.edu.mx/SeccionAdministrativa/docs_Unis/carreras/1613627807.pdf','4 AÑOS Y MEDIO',42,2,266,2),(264,'INGENIERÍA EN TECNOLOGÍAS DE INFORMACIÓN Y COMUNICACIÓN','520398','http://feriavirtual.upqroo.edu.mx/SeccionAdministrativa/docs_Unis/carreras/1613627678.pdf','4 AÑOS Y MEDIO',42,2,267,2),(272,'INGENIERÍA EN TECNOLOGÍAS DE INFORMACIÓN Y COMUNICACIÓN','601413','NA','2 AÑOS Y MEDIO',42,2,275,1),(273,'Administración de Empresas','20123300','NA','',43,3,276,2),(274,'Arquitectura','20121552','NA','',43,3,277,2),(275,'Comercio Exterior y Aduanas','20121548','NA','',43,3,278,2),(276,'Contaduría Pública','20121554','NA','',43,3,279,2),(277,'Derecho','20121550','NA','',43,3,280,2),(278,'Ingeniería en Sistemas Computacionales','20121557','NA','',43,2,281,2),(279,'Inglés','PSU-104/2016','NA','',43,3,282,2),(280,'Pedagogía','20121547','NA','',43,3,283,2),(281,'Psicología Clínica','20121555','NA','',43,3,284,2),(282,'Psicología Organizacional','20121551','NA','',43,3,285,2),(283,'Relaciones Internacionales','20121556','NA','',43,3,286,2),(284,'Trabajo Social','20110097','NA','',43,3,287,2),(285,'Administración y Desarrollo Empresarial','202005LAyDE','http://feriavirtual.upqroo.edu.mx/SeccionAdministrativa/docs_Unis/carreras/1613155538.pdf','26 DE MARZO DE 2019 - 30 DE AGOSTO DE 2024',44,3,288,2),(286,'Administración y Mercadotecnia','PENDIENTE','http://feriavirtual.upqroo.edu.mx/SeccionAdministrativa/docs_Unis/carreras/1613155577.pdf','EN TRÁMITE',44,3,289,2),(287,'Cirujano Dentista','201467LCD','http://feriavirtual.upqroo.edu.mx/SeccionAdministrativa/docs_Unis/carreras/1613155626.pdf','1 DE SEPTIEMBRE DE 2018 - 29 DE JULIO DE 2021',44,3,290,2),(288,'Comunicación','201473LC','http://feriavirtual.upqroo.edu.mx/SeccionAdministrativa/docs_Unis/carreras/1613155646.pdf','1 DE SEPTIEMBRE DE 2018 - 28 DE JULIO DE 2022',44,3,291,2),(289,'Cultura Física y Entrenamiento Deportivo','201945LCFyED','http://feriavirtual.upqroo.edu.mx/SeccionAdministrativa/docs_Unis/carreras/1613155718.pdf','20 DE MARZO DE 2018 - 31 DE JULIO DE 2023',44,3,292,2),(290,'Derecho','201327LD','http://feriavirtual.upqroo.edu.mx/SeccionAdministrativa/docs_Unis/carreras/1613155736.pdf','1 DE AGOSTO DE 2014 - 29 DE JULIO DE 2021',44,2,293,2),(291,'Diseño Interactivo','201553LDI','http://feriavirtual.upqroo.edu.mx/SeccionAdministrativa/docs_Unis/carreras/1613155761.pdf','30 DE MARZO DE 2019 - 31 DE AGOSTO DE 2023',44,3,294,2),(292,'Diseño de Moda','201888LDM','http://feriavirtual.upqroo.edu.mx/SeccionAdministrativa/docs_Unis/carreras/1613155835.pdf','6 DE MARZO DE 2017- 28 DE JULIO DE 2022',44,3,295,2),(293,'Fisioterapia y Rehabilitación','201759LFyR','http://feriavirtual.upqroo.edu.mx/SeccionAdministrativa/docs_Unis/carreras/1613155845.pdf','1 DE AGOSTO DE 2020 - 31 DE AGOSTO DE 2024',44,3,296,2),(294,'Gestión de Negocios','202006LGN','http://feriavirtual.upqroo.edu.mx/SeccionAdministrativa/docs_Unis/carreras/1613155869.pdf','26 DE MARZO DE 2019 - 30 DE AGOSTO DE 2024',44,3,297,2),(295,'Nutrición','201401LN','http://feriavirtual.upqroo.edu.mx/SeccionAdministrativa/docs_Unis/carreras/1613155880.pdf','1 DE AGOSTO DEL 2014 - 28 DE JULIO DE 2022',44,3,298,2),(296,'Psicología','201344LP','http://feriavirtual.upqroo.edu.mx/SeccionAdministrativa/docs_Unis/carreras/1613155892.pdf','1 DE AGOSTO DE 2014 - 29 DE JULIO DE 2021',44,3,299,2),(297,'Derecho Penal y Amparo','201107MA','http://feriavirtual.upqroo.edu.mx/SeccionAdministrativa/docs_Unis/carreras/1613155910.pdf','31 DE AGOSTO DE 2022',44,3,300,4),(298,'Dirección Global de Negocios','201109MA','http://feriavirtual.upqroo.edu.mx/SeccionAdministrativa/docs_Unis/carreras/1613155920.pdf','ACTUALIZACIÓN EN TRÁMITE',44,3,301,4),(299,'Licenciatura en Relaciones Comerciales','09DPN0050Z','http://feriavirtual.upqroo.edu.mx/SeccionAdministrativa/docs_Unis/carreras/1612989184.pdf','22 de mayo de 2020 al 31 de agosto de 2022.',25,1,302,2),(300,'Licenciatura en Negocios Internacionales','09DPN0050Z','http://feriavirtual.upqroo.edu.mx/SeccionAdministrativa/docs_Unis/carreras/1612989246.pdf','22 de mayo de 2020 al 31 de agosto de 2022.',25,1,303,2),(301,'Licenciatura en Contaduría y Finanzas Públicas','09DPN0075I','http://feriavirtual.upqroo.edu.mx/SeccionAdministrativa/docs_Unis/carreras/1612989768.pdf','22 de mayo de 2020 al 31 de agosto de 2022.',25,1,304,2),(302,'Licenciatura en Comercio Internacional','09DPN0075I','http://feriavirtual.upqroo.edu.mx/SeccionAdministrativa/docs_Unis/carreras/1612989854.pdf','22 de mayo de 2020 al 31 de agosto de 2022.',25,1,305,2),(303,'Licenciatura en Biblioteconomía','623301','http://feriavirtual.upqroo.edu.mx/SeccionAdministrativa/docs_Unis/carreras/1612991031.pdf','22 de mayo de 2020 al 31 de agosto de 2022.',25,1,306,2),(304,'Licenciatura en Archivonomía','623304','http://feriavirtual.upqroo.edu.mx/SeccionAdministrativa/docs_Unis/carreras/1612991088.pdf','22 de mayo de 2020 al 31 de agosto de 2022.',25,1,307,2),(305,'Licenciatura en Administración y Desarrollo Empresarial','09DPN0050Z','http://feriavirtual.upqroo.edu.mx/SeccionAdministrativa/docs_Unis/carreras/1612991211.pdf','22 de mayo de 2020 al 31 de agosto de 2022.',25,1,308,2),(306,'Contador Público','09DPN0050Z','http://feriavirtual.upqroo.edu.mx/SeccionAdministrativa/docs_Unis/carreras/1612991247.pdf','22 de mayo de 2020 al 31 de agosto de 2022.',25,1,309,2),(307,'Licenciatura en artes escénicas','201870LAE','http://feriavirtual.upqroo.edu.mx/SeccionAdministrativa/docs_Unis/carreras/1613170102.pdf','28/07/2022',45,3,310,2),(308,'Licenciatura en producción y gestión cultural','2018LGyPAyC','http://feriavirtual.upqroo.edu.mx/SeccionAdministrativa/docs_Unis/carreras/1613170129.pdf','28/07/2022',45,3,311,2),(309,'Licenciatura en música popular contemporánea','201611LMPC','http://feriavirtual.upqroo.edu.mx/SeccionAdministrativa/docs_Unis/carreras/1613170172.pdf','Refrendo',45,3,312,2),(313,'DERECHO','982100','http://feriavirtual.upqroo.edu.mx/SeccionAdministrativa/docs_Unis/carreras/1613066293.pdf','',40,3,316,2),(314,'MERCADOTECNIA','2024143','http://feriavirtual.upqroo.edu.mx/SeccionAdministrativa/docs_Unis/carreras/1613066489.pdf','',40,3,317,2),(315,'ARQUITECTURA','982098','http://feriavirtual.upqroo.edu.mx/SeccionAdministrativa/docs_Unis/carreras/1613067813.pdf','',40,3,318,2),(316,'INGENIERÍA CIVIL','992276','http://feriavirtual.upqroo.edu.mx/SeccionAdministrativa/docs_Unis/carreras/1613067868.pdf','',40,3,319,2),(317,'PEDAGOGÍA','La Universidad se encuentra inscrita en el GR','http://feriavirtual.upqroo.edu.mx/SeccionAdministrativa/docs_Unis/carreras/1613068064.pdf','',40,2,320,2),(318,'ENFERMERÍA','20081728','http://feriavirtual.upqroo.edu.mx/SeccionAdministrativa/docs_Unis/carreras/1613068160.pdf','',40,3,321,2),(319,'NUTRICIÓN Y GASTRONOMÍA','DECRETO PRESIDENCIAL','http://feriavirtual.upqroo.edu.mx/SeccionAdministrativa/docs_Unis/carreras/1613068292.pdf','',40,3,322,2),(320,'CONTADURÍA Y FINANZAS','982210','http://feriavirtual.upqroo.edu.mx/SeccionAdministrativa/docs_Unis/carreras/1613068386.pdf','',40,3,323,2),(321,'ADMINISTRACIÓN','982209','http://feriavirtual.upqroo.edu.mx/SeccionAdministrativa/docs_Unis/carreras/1613068446.pdf','',40,3,324,2),(322,'PSICOLOGÍA','2003287','http://feriavirtual.upqroo.edu.mx/SeccionAdministrativa/docs_Unis/carreras/1613068576.pdf','',40,3,325,2),(323,'CIENCIAS DE LA COMUNICACIÓN','2002268','http://feriavirtual.upqroo.edu.mx/SeccionAdministrativa/docs_Unis/carreras/1613068627.pdf','',40,3,326,2),(324,'DISEÑO GRÁFICO Y DIGITAL ','992277','http://feriavirtual.upqroo.edu.mx/SeccionAdministrativa/docs_Unis/carreras/1613068662.pdf','',40,3,327,2),(325,'IDIOMAS Y RELACIONES PÚBLICAS','20181655','http://feriavirtual.upqroo.edu.mx/SeccionAdministrativa/docs_Unis/carreras/1613068737.pdf','',40,3,328,2),(326,'ADMINISTRACIÓN DE EMPRESAS TURÍSTICAS','982125','http://feriavirtual.upqroo.edu.mx/SeccionAdministrativa/docs_Unis/carreras/1613068787.pdf','',40,3,329,2),(327,'Licenciatura en Administración','621311','http://feriavirtual.upqroo.edu.mx/SeccionAdministrativa/docs_Unis/carreras/1613343605.png','AGOSTO 2010',47,2,330,2),(328,'Contador Público','621307','http://feriavirtual.upqroo.edu.mx/SeccionAdministrativa/docs_Unis/carreras/1613343565.png','AGOSTO 2010',47,2,331,2),(329,'Ingeniería en Administración','510381','http://feriavirtual.upqroo.edu.mx/SeccionAdministrativa/docs_Unis/carreras/1613343721.png','AGOSTO 2011',47,2,332,2),(330,'Ingeniería en Gestión Empresarial','516344','http://feriavirtual.upqroo.edu.mx/SeccionAdministrativa/docs_Unis/carreras/1613701886.pdf','AGOSTO 2009',47,2,333,2),(331,'Ingeniería en Electromecánica','505345','http://feriavirtual.upqroo.edu.mx/SeccionAdministrativa/docs_Unis/carreras/1613343689.png','AGOSTO 2010',47,2,334,2),(332,'Ingeniería en Mecatrónica','514384','http://feriavirtual.upqroo.edu.mx/SeccionAdministrativa/docs_Unis/carreras/1613702567.pdf','JULIO 2010',47,2,335,2),(333,'Ingeniería Civil','511301','http://feriavirtual.upqroo.edu.mx/SeccionAdministrativa/docs_Unis/carreras/1613700879.pdf','AGOSTO 2006',47,2,336,2),(334,'Maestría en Administración en Negocios','621311','http://feriavirtual.upqroo.edu.mx/SeccionAdministrativa/docs_Unis/carreras/1613702556.pdf','AGOSTO 2012',47,2,337,4),(335,'Maestría en Ciencias Ambientales','103547','http://feriavirtual.upqroo.edu.mx/SeccionAdministrativa/docs_Unis/carreras/1613347672.png','AGOSTO 2012',47,2,338,4),(336,'Doctorado en Ciencias Ambientales','NA','http://feriavirtual.upqroo.edu.mx/SeccionAdministrativa/docs_Unis/carreras/1613347733.pdf','',47,2,339,5),(337,'Ingeniería en Sistemas Computacionales','521312','http://feriavirtual.upqroo.edu.mx/SeccionAdministrativa/docs_Unis/carreras/1613343655.png','AGOSTO 2010',47,2,340,2),(338,'Licenciatura en Enfermeria ','201726LE','http://feriavirtual.upqroo.edu.mx/SeccionAdministrativa/docs_Unis/carreras/1613758731.pdf','5 JULIO 2017',48,2,341,2),(339,'Licenciatura en Ciencias y Técnicas de la Comunicación','20160528/2016-07-11','http://feriavirtual.upqroo.edu.mx/SeccionAdministrativa/docs_Unis/carreras/1613085254.pdf','Septiembre - Diciembre',49,3,342,2),(340,'Licenciatura en Derecho y Ciencias Jurídicas','20160530/2016-07-11','http://feriavirtual.upqroo.edu.mx/SeccionAdministrativa/docs_Unis/carreras/1613085307.pdf','Septiembre - Diciembre',49,3,343,2),(341,'Licenciatura en Diseño Gráfico Digital','20160532/2016-07-11','http://feriavirtual.upqroo.edu.mx/SeccionAdministrativa/docs_Unis/carreras/1613085323.pdf','Septiembre - Diciembre',49,3,344,2),(342,'Licenciatura en Gastronomía','201219LG/20-04-2012','http://feriavirtual.upqroo.edu.mx/SeccionAdministrativa/docs_Unis/carreras/1613085576.pdf','Septiembre - Diciembre',49,3,345,2),(343,'Licenciatura en Ingeniería en Tecnologías de Información y Computación','20160534/2016-07-11','http://feriavirtual.upqroo.edu.mx/SeccionAdministrativa/docs_Unis/carreras/1613085596.pdf','Septiembre - Diciembre',49,3,346,2),(344,'Licenciatura en Mercadotecnia Estratégica','20160535/2016-0711','http://feriavirtual.upqroo.edu.mx/SeccionAdministrativa/docs_Unis/carreras/1613085615.pdf','Septiembre - Diciembre',49,3,347,2),(345,'Licenciatura en Comercio y Negocios Internacionales ','20193080','http://feriavirtual.upqroo.edu.mx/SeccionAdministrativa/docs_Unis/carreras/1613086148.pdf','Septiembre - Diciembre',49,3,348,2),(346,'Licenciatura en Administración de Empresas','20160527/2016-07-11','http://feriavirtual.upqroo.edu.mx/SeccionAdministrativa/docs_Unis/carreras/1613086244.pdf','Septiembre - Diciembre',49,3,349,2),(347,'Licenciatura en Contabilidad Financiera','20171260/2017-09-13','http://feriavirtual.upqroo.edu.mx/SeccionAdministrativa/docs_Unis/carreras/1613086266.pdf','Septiembre - Diciembre',49,3,350,2),(348,'Licenciatura en Derecho','20160531/2016-07-11','http://feriavirtual.upqroo.edu.mx/SeccionAdministrativa/docs_Unis/carreras/1613086291.pdf','Septiembre - Diciembre',49,3,351,2),(349,'Licenciatura en Educación y Tecnologías para el Aprendizaje','20171275/2017-09-12','http://feriavirtual.upqroo.edu.mx/SeccionAdministrativa/docs_Unis/carreras/1613086202.pdf','Septiembre - Diciembre',49,3,352,2),(350,'Licenciatura en Mercadotecnia','20171279/2017-09-13','NA','Septiembre - Diciembre',49,3,353,2),(351,'Licenciatura en derecho ','200816LD','http://feriavirtual.upqroo.edu.mx/SeccionAdministrativa/docs_Unis/carreras/1613086207.pdf','31 DE JULIO 2023',4,3,354,2),(352,'Licenciatura en Política, gobierno y gestión publica ','201472LPGP','http://feriavirtual.upqroo.edu.mx/SeccionAdministrativa/docs_Unis/carreras/1613086362.pdf','31 DE JULIO 2023',4,3,355,2),(353,'Ingeniería en Gestión Empresarial, Modalidad a Distancia','516344','http://feriavirtual.upqroo.edu.mx/SeccionAdministrativa/docs_Unis/carreras/1613103776.pdf','4 años y medio',23,2,356,2),(354,'Ingeniería en Administración, Modalidad Mixta','510381','http://feriavirtual.upqroo.edu.mx/SeccionAdministrativa/docs_Unis/carreras/1613103840.pdf','4 años y medio',23,2,357,2),(355,'Contador Público, Modalidad Mixta','621307','http://feriavirtual.upqroo.edu.mx/SeccionAdministrativa/docs_Unis/carreras/1613103878.pdf','4 años y medio',23,2,358,2),(356,'Licenciatura en Gastronomía','NA','http://feriavirtual.upqroo.edu.mx/SeccionAdministrativa/docs_Unis/carreras/1613156599.pdf','4 años',50,2,359,2),(357,'Licenciatura en Turismo Sustentable y Gestión Hotelera','NA','http://feriavirtual.upqroo.edu.mx/SeccionAdministrativa/docs_Unis/carreras/1613156628.pdf','4 años',50,2,360,2),(358,'Licenciatura en Turismo Alternativo y Gestión del Patrimonio','NA','http://feriavirtual.upqroo.edu.mx/SeccionAdministrativa/docs_Unis/carreras/1613156651.pdf','4 años',50,2,361,2),(359,'Licenciatura en Negocios Internacionales','NA','http://feriavirtual.upqroo.edu.mx/SeccionAdministrativa/docs_Unis/carreras/1613156677.pdf','4 años',50,2,362,2),(360,'Licenciatura en Innovación Empresarial','NA','http://feriavirtual.upqroo.edu.mx/SeccionAdministrativa/docs_Unis/carreras/1613156694.pdf','4 años',50,2,363,2),(362,'Ingeniería Industrial','NA','http://feriavirtual.upqroo.edu.mx/SeccionAdministrativa/docs_Unis/carreras/1613156710.pdf','4 años',50,2,365,2),(363,'Ingeniería en Logística y Cadena de Suministros','NA','http://feriavirtual.upqroo.edu.mx/SeccionAdministrativa/docs_Unis/carreras/1613156726.pdf','4 años',50,2,366,2),(364,'Ingeniería en Datos e Inteligencia Organizacional','NA','http://feriavirtual.upqroo.edu.mx/SeccionAdministrativa/docs_Unis/carreras/1613156741.pdf','4 años',50,2,367,2),(365,'Diplomado Nutrición Clínica','NA','http://feriavirtual.upqroo.edu.mx/SeccionAdministrativa/docs_Unis/carreras/1613155962.pdf','',44,3,368,6),(366,'Diplomado en Orientación y consejo psicológico','NA','http://feriavirtual.upqroo.edu.mx/SeccionAdministrativa/docs_Unis/carreras/1613155985.pdf','',44,3,369,6),(367,'Ingeniería Ambiental','NA','http://feriavirtual.upqroo.edu.mx/SeccionAdministrativa/docs_Unis/carreras/1613156526.pdf','4 Años',50,2,370,2),(368,'Psicología Clínica','20100331','http://feriavirtual.upqroo.edu.mx/SeccionAdministrativa/docs_Unis/carreras/1613158200.jpg','',39,3,371,2),(369,'Administración de Empresas Turísticas','20180064','http://feriavirtual.upqroo.edu.mx/SeccionAdministrativa/docs_Unis/carreras/1613159786.pdf','',51,3,372,2),(370,'Administración Empresarial','2005703','http://feriavirtual.upqroo.edu.mx/SeccionAdministrativa/docs_Unis/carreras/1613159976.pdf','',51,3,373,2),(371,'Ciencias y Técnicas de la Comunicación','2005706','http://feriavirtual.upqroo.edu.mx/SeccionAdministrativa/docs_Unis/carreras/1613160021.pdf','',51,3,374,2),(372,'Contabilidad y Finanzas','2005704','http://feriavirtual.upqroo.edu.mx/SeccionAdministrativa/docs_Unis/carreras/1613160069.pdf','',51,3,375,2),(373,'Derecho y Ciencias Jurídicas','20090978','http://feriavirtual.upqroo.edu.mx/SeccionAdministrativa/docs_Unis/carreras/1613160127.pdf','',51,3,376,2),(374,'Diseño Gráfico Digital','20120521','http://feriavirtual.upqroo.edu.mx/SeccionAdministrativa/docs_Unis/carreras/1613160180.pdf','',51,3,377,2),(375,'Educación Física Recreación y Deporte','20120518','http://feriavirtual.upqroo.edu.mx/SeccionAdministrativa/docs_Unis/carreras/1613160261.pdf','',51,3,378,2),(376,'Gastronomía','20193458','http://feriavirtual.upqroo.edu.mx/SeccionAdministrativa/docs_Unis/carreras/1613160302.pdf','',51,3,379,2),(377,'Ingeniería en Sofware y Sistemas Computacionales','2005707','http://feriavirtual.upqroo.edu.mx/SeccionAdministrativa/docs_Unis/carreras/1613160529.pdf','',51,3,380,2),(378,'Mercadotecnia Estratégica','2005705','http://feriavirtual.upqroo.edu.mx/SeccionAdministrativa/docs_Unis/carreras/1613160679.pdf','',51,3,381,2),(379,'Pedagogía','20192568','http://feriavirtual.upqroo.edu.mx/SeccionAdministrativa/docs_Unis/carreras/1613160769.pdf','',51,3,382,2),(380,'Psicología Organizacional','20120577','http://feriavirtual.upqroo.edu.mx/SeccionAdministrativa/docs_Unis/carreras/1613160820.pdf','',51,3,383,2),(381,'Psicología','201829LP','http://feriavirtual.upqroo.edu.mx/SeccionAdministrativa/docs_Unis/carreras/1613160853.pdf','',51,3,384,2),(382,'LICENCIATURA EN CRIMINOLOGÍA Y CRIMINALÍSTICA','RVOE 2019110LCyC','http://feriavirtual.upqroo.edu.mx/SeccionAdministrativa/docs_Unis/carreras/1613178543.pdf','31 DE AGOSTO DEL 2023',22,3,385,2),(384,'LICENCIATURA EN DERECHO','RVOE 2019109LD','http://feriavirtual.upqroo.edu.mx/SeccionAdministrativa/docs_Unis/carreras/1613178909.pdf','31 DE AGOSTO DEL 2023',22,3,387,2),(385,'LICENCIATURA EN URGENCIAS MÉDICAS PREHOSPITALARIAS','201667LUMP','http://feriavirtual.upqroo.edu.mx/SeccionAdministrativa/docs_Unis/carreras/1613179893.jpg','31/08/2023',11,3,388,2),(386,'Psicología Organizacional ','20130279','http://feriavirtual.upqroo.edu.mx/SeccionAdministrativa/docs_Unis/carreras/1613776555.pdf','17/12/2013',53,2,389,2),(387,'Pedagogía','20192567','http://feriavirtual.upqroo.edu.mx/SeccionAdministrativa/docs_Unis/carreras/1613834808.pdf','21/06/2019',53,2,390,2),(388,'Negocios Internacionales ','20181401','http://feriavirtual.upqroo.edu.mx/SeccionAdministrativa/docs_Unis/carreras/1613776772.pdf','30/08/2018',53,2,391,2),(389,'Mercadotecnia Estrategica','20130278','http://feriavirtual.upqroo.edu.mx/SeccionAdministrativa/docs_Unis/carreras/1613834825.pdf','17/12/2013',53,2,392,2),(390,'Ingenieria Industrial y Calidad','20200155','http://feriavirtual.upqroo.edu.mx/SeccionAdministrativa/docs_Unis/carreras/1613835086.pdf','10/11/2020',53,2,393,2),(391,'Ingeniería en Software y Sistemas Computacionales','20130268','http://feriavirtual.upqroo.edu.mx/SeccionAdministrativa/docs_Unis/carreras/1613776601.pdf','17/12/2013',53,2,394,2),(392,'Educacion Fisica Recreación y Deportes','20130267','http://feriavirtual.upqroo.edu.mx/SeccionAdministrativa/docs_Unis/carreras/1613834788.pdf','17/12/2013',53,2,395,2),(393,'Diseño Gráfico Digital','20130266','http://feriavirtual.upqroo.edu.mx/SeccionAdministrativa/docs_Unis/carreras/1613776584.pdf','17/12/2013',53,2,396,2),(394,'Derecho y Ciencias Juridicas','20130265','http://feriavirtual.upqroo.edu.mx/SeccionAdministrativa/docs_Unis/carreras/1613834997.pdf','17/12/2013',53,2,397,2),(395,'Contabilidad Financiera','20171104','http://feriavirtual.upqroo.edu.mx/SeccionAdministrativa/docs_Unis/carreras/1613776644.pdf','21/08/2017',53,2,398,2),(396,'Comunicación','20200125','http://feriavirtual.upqroo.edu.mx/SeccionAdministrativa/docs_Unis/carreras/1613776706.pdf','17/11/2020',53,2,399,2),(397,'Administración Turística','20171222','http://feriavirtual.upqroo.edu.mx/SeccionAdministrativa/docs_Unis/carreras/1613834981.pdf','07/09/2017',53,2,400,2),(398,'Administración empresarial','20130262','http://feriavirtual.upqroo.edu.mx/SeccionAdministrativa/docs_Unis/carreras/1613776692.pdf','17/12/2013',53,2,401,2),(399,'Educación','20192612','http://feriavirtual.upqroo.edu.mx/SeccionAdministrativa/docs_Unis/carreras/1613835285.pdf','25/06/2019',53,2,402,4),(400,'Mercadotecnia y Medios Digitales','20194352','http://feriavirtual.upqroo.edu.mx/SeccionAdministrativa/docs_Unis/carreras/1613835238.pdf','26/11/2019',53,2,403,4),(401,'Administración de Negocios','20192521','http://feriavirtual.upqroo.edu.mx/SeccionAdministrativa/docs_Unis/carreras/1613835265.pdf','20/06/2019',53,2,404,4),(402,'Jucios Orales ','20192587','http://feriavirtual.upqroo.edu.mx/SeccionAdministrativa/docs_Unis/carreras/1613835251.pdf','21/06/2019',53,2,405,4),(403,'Tecnologia de la información y la comunicación','20171296','http://feriavirtual.upqroo.edu.mx/SeccionAdministrativa/docs_Unis/carreras/1613835378.pdf','13/09/2017',53,2,406,4),(407,'UIMQRoo Carreras','NA','http://feriavirtual.upqroo.edu.mx/SeccionAdministrativa/docs_Unis/carreras/1613270741.pdf','',42,2,410,2),(408,'LICENCIATURA EN DERECHO','201929LD','http://feriavirtual.upqroo.edu.mx/SeccionAdministrativa/docs_Unis/carreras/1613589808.pdf','',54,3,411,2),(409,'LICENCIATURA EN ADMINISTRACION DE EMPRESAS','201820LAE','http://feriavirtual.upqroo.edu.mx/SeccionAdministrativa/docs_Unis/carreras/1613589827.pdf','',54,3,412,2),(410,'LICENCIATURA EN CONTADURIA PUBLICA','201928LCP','http://feriavirtual.upqroo.edu.mx/SeccionAdministrativa/docs_Unis/carreras/1613589837.pdf','',54,3,413,2),(411,'LICENCIATURA EN TRABAJO SOCIAL','201930LTS','http://feriavirtual.upqroo.edu.mx/SeccionAdministrativa/docs_Unis/carreras/1613589845.pdf','',54,3,414,2),(412,'INGENIERIA EN MECANICA AUTOMOTRIZ','201824LIMA','http://feriavirtual.upqroo.edu.mx/SeccionAdministrativa/docs_Unis/carreras/1613589855.pdf','',54,3,415,2),(413,'LICENCIATURA EN ENFERMERIA','201990LE','http://feriavirtual.upqroo.edu.mx/SeccionAdministrativa/docs_Unis/carreras/1613589864.pdf','',54,3,416,2),(414,'EDUCACIÓN (SISTEMA ESCOLARIZADO)','201625LE','http://feriavirtual.upqroo.edu.mx/SeccionAdministrativa/docs_Unis/carreras/1613625564.jpeg','2022',55,2,417,2),(422,'Ing. Agronomía','IAGE-PAS-2020-01','http://feriavirtual.upqroo.edu.mx/SeccionAdministrativa/docs_Unis/carreras/1613760371.pdf','ENERO 2020 - ENERO 2023',57,1,425,2),(423,'Ing. Forestal','IFOE-MBC-2020-01','http://feriavirtual.upqroo.edu.mx/SeccionAdministrativa/docs_Unis/carreras/1613760553.pdf','ENERO 2020 A ENERO 2023',57,1,426,2),(424,'Ing. Gestión Empresarial','IGEE-MKT-2020-01','http://feriavirtual.upqroo.edu.mx/SeccionAdministrativa/docs_Unis/carreras/1613760625.pdf','ENERO 2020 A ENERO 2023',57,1,427,2),(425,'Ing. Informática','IINF-2010-220','http://feriavirtual.upqroo.edu.mx/SeccionAdministrativa/docs_Unis/carreras/1613760814.pdf','ENERO 2020 A ENERO 2023',57,1,428,2),(426,'Maestría en Ciencias en Agroecosistemas Sostenibles','','NA','',57,1,429,4),(428,'Administración de Empresas Turísticas','200902LAET','http://feriavirtual.upqroo.edu.mx/SeccionAdministrativa/docs_Unis/carreras/1613505684.pdf','2021 -2024',58,3,431,2),(429,'Licenciatura en Derecho','200910LD','http://feriavirtual.upqroo.edu.mx/SeccionAdministrativa/docs_Unis/carreras/1613505758.pdf','2021 -2024',58,3,432,2),(430,'Mercadotecnia','200901LM','http://feriavirtual.upqroo.edu.mx/SeccionAdministrativa/docs_Unis/carreras/1613505825.pdf','2021 -2024',58,3,433,2),(436,'Terapia Física','401308','http://feriavirtual.upqroo.edu.mx/SeccionAdministrativa/docs_Unis/carreras/1613616445.pdf','N/A',59,1,439,2),(437,'Nutrición','515344','http://feriavirtual.upqroo.edu.mx/SeccionAdministrativa/docs_Unis/carreras/1613616482.pdf','N/A',59,1,440,2),(438,'Software','520307','http://feriavirtual.upqroo.edu.mx/SeccionAdministrativa/docs_Unis/carreras/1613624705.pdf','N/A',59,1,441,2),(439,'Animación y efectos visuales','557314','http://feriavirtual.upqroo.edu.mx/SeccionAdministrativa/docs_Unis/carreras/1613616520.pdf','N/A',59,1,442,2),(440,'Administración de empresas turísticas','615305','http://feriavirtual.upqroo.edu.mx/SeccionAdministrativa/docs_Unis/carreras/1613616535.pdf','N/A',59,1,443,2),(441,'Lic. en Psicología Educativa ','231302','http://feriavirtual.upqroo.edu.mx/SeccionAdministrativa/docs_Unis/carreras/1613589858.pdf','',24,1,444,2),(442,'Licenciatura en Intervención Educativa','245385','http://feriavirtual.upqroo.edu.mx/SeccionAdministrativa/docs_Unis/carreras/1613589911.pdf','',24,1,445,2),(443,'Prueba 2','NA','http://feriavirtual.upqroo.edu.mx/SeccionAdministrativa/docs_Unis/carreras/1613661551.pdf','',52,1,446,1),(444,'Lic. en Diseño y Mercadotecnia de la Moda','SEP20140040 del 4 de Marzo de 2014','http://feriavirtual.upqroo.edu.mx/SeccionAdministrativa/docs_Unis/carreras/1613666259.pdf','8 semestres',60,1,447,2),(445,'Lic. en Diseño de Imagen y Relaciones Públicas','SEP20140038 del 4 de Marzo de 2014','http://feriavirtual.upqroo.edu.mx/SeccionAdministrativa/docs_Unis/carreras/1613665898.pdf','8 semestres',60,1,448,2),(446,'Lic. en Diseño Gráfico Digital y Multimedia','SEP20140039 del 4 de Marzo de 2014','http://feriavirtual.upqroo.edu.mx/SeccionAdministrativa/docs_Unis/carreras/1613666268.pdf','8 semestres',60,1,449,2),(447,'Arquitectura de Interiores','SEP20140037 del 4 de Marzo de 2014','http://feriavirtual.upqroo.edu.mx/SeccionAdministrativa/docs_Unis/carreras/1613666290.pdf','8 semestres',60,1,450,2),(448,'Lic. en Diseño y Organización de eventos','SEP20171827 del 7 de Diciembre del 2017','http://feriavirtual.upqroo.edu.mx/SeccionAdministrativa/docs_Unis/carreras/1613666299.pdf','8 semestres',60,1,451,2),(449,'EDUCACIÓN (SISTEMA MIXTO)','201865LE','http://feriavirtual.upqroo.edu.mx/SeccionAdministrativa/docs_Unis/carreras/1613626439.pdf','2022',55,2,452,2),(450,'DERECHO (SISTEMA ESCOLARIZADO)','201627LD','http://feriavirtual.upqroo.edu.mx/SeccionAdministrativa/docs_Unis/carreras/1613626484.pdf','2022',55,2,453,2),(451,'DERECHO (SISTEMA MIXTO)','201868LD','http://feriavirtual.upqroo.edu.mx/SeccionAdministrativa/docs_Unis/carreras/1613626523.pdf','2022',55,2,454,2),(452,'GESTIÓN EMPRESARIAL (SISTEMA ESCOLARIZADO)','201626LGE','http://feriavirtual.upqroo.edu.mx/SeccionAdministrativa/docs_Unis/carreras/1613626570.pdf','2022',55,2,455,2),(453,'GESTIÓN EMPRESARIAL (SISTEMA MIXTO)','201867LGE','http://feriavirtual.upqroo.edu.mx/SeccionAdministrativa/docs_Unis/carreras/1613626715.pdf','2022',55,2,456,2),(454,'PSICOLOGÍA EDUCATIVA INFANTIL (SISTEMA ESCOLARIZADO)','201857LPEI','http://feriavirtual.upqroo.edu.mx/SeccionAdministrativa/docs_Unis/carreras/1613626795.pdf','2023',55,2,457,2),(455,'PSICOLOGÍA EDUCATIVA INFANTIL (SISTEMA MIXTO)','201855LPEI','http://feriavirtual.upqroo.edu.mx/SeccionAdministrativa/docs_Unis/carreras/1613626864.pdf','2023',55,2,458,2),(456,'PSCOLOGÍA CRIMINOLÓGICA (SISTEMA ESCOLARIZADO)','201802LPC','http://feriavirtual.upqroo.edu.mx/SeccionAdministrativa/docs_Unis/carreras/1613626974.pdf','2023',55,2,459,2),(457,'Convocatoria','NA','http://feriavirtual.upqroo.edu.mx/SeccionAdministrativa/docs_Unis/carreras/1613627044.pdf','',42,1,460,1),(458,'PSCOLOGÍA CRIMINOLÓGICA (SISTEMA MIXTO)','201854LPC','http://feriavirtual.upqroo.edu.mx/SeccionAdministrativa/docs_Unis/carreras/1613627084.pdf','2023',55,2,461,2),(459,'PSCOLOGÍA CLÍNICA (SISTEMA ESCOLARIZADO)','201858LPC','http://feriavirtual.upqroo.edu.mx/SeccionAdministrativa/docs_Unis/carreras/1613627138.pdf','2023',55,2,462,2),(460,'PSCOLOGÍA CLÍNICA (SISTEMA MIXTO)','201859LPC','http://feriavirtual.upqroo.edu.mx/SeccionAdministrativa/docs_Unis/carreras/1613627176.pdf','2023',55,2,463,2),(461,'Diptico','NA','http://feriavirtual.upqroo.edu.mx/SeccionAdministrativa/docs_Unis/carreras/1613627411.pdf','',42,1,464,1),(463,' EDUCACIÓN PRIMARIA','241302','NA','30/07/19',61,1,466,2),(464,'Prueba','NA','http://feriavirtual.upqroo.edu.mx/SeccionAdministrativa/docs_Unis/carreras/1613661535.pdf','',52,1,467,1),(465,'Ingeniería en Administración','Clave DGP 510381','http://feriavirtual.upqroo.edu.mx/SeccionAdministrativa/docs_Unis/carreras/1613666114.pdf','Indefinido',56,1,468,2),(466,'Ingeniería en Gestión Empresarial','Clave DGP 516344','http://feriavirtual.upqroo.edu.mx/SeccionAdministrativa/docs_Unis/carreras/1613669136.pdf','Indefinido',56,1,469,2),(467,'Ingeniería en Sistemas Computacionales','Clave DGP 521312','http://feriavirtual.upqroo.edu.mx/SeccionAdministrativa/docs_Unis/carreras/1613669392.pdf','Indefinido',56,1,470,2),(468,'Ingeniería Industrial','Clave DGP 521301','http://feriavirtual.upqroo.edu.mx/SeccionAdministrativa/docs_Unis/carreras/1613670186.pdf','Indefinido',56,1,471,2),(469,'Ingeniería en Industrias Alimentarias','Clave DGP 515366','http://feriavirtual.upqroo.edu.mx/SeccionAdministrativa/docs_Unis/carreras/1613670733.pdf','Indefinido',56,1,472,2),(470,'Ingeniería en Desarrollo Comunitario','Clave DGP en proceso de registro','http://feriavirtual.upqroo.edu.mx/SeccionAdministrativa/docs_Unis/carreras/1613671111.pdf','Indefinido',56,1,473,2),(471,'DISEÑO DE INTERIORES (SISTEMA MIXTO)','202035LDI','http://feriavirtual.upqroo.edu.mx/SeccionAdministrativa/docs_Unis/carreras/1613686909.pdf','2023',55,1,474,2),(472,'CRIMINALÍSTICA, CRIMINOLOGÍA Y POLITICA CRIMINAL (SISTEMA MIXTO)','202104LCCYPC','http://feriavirtual.upqroo.edu.mx/SeccionAdministrativa/docs_Unis/carreras/1613688051.pdf','2023',55,1,475,2),(473,'DISEÑO GRÁFICO Y MARKETING PUBLICITARIO (SISTEMA MIXTO)','202060DGYM','http://feriavirtual.upqroo.edu.mx/SeccionAdministrativa/docs_Unis/carreras/1613688229.pdf','2023',55,1,476,2),(474,'EDUCACIÓN Y NEUROCIENCIAS (SISTEMA MIXTO)','202022MEyN','http://feriavirtual.upqroo.edu.mx/SeccionAdministrativa/docs_Unis/carreras/1613688335.pdf','2023',55,1,477,4),(475,'CRIMINOLOGÍA Y CIENCAS FORENSES (SISTEMA MIXTO)','202021MCyCF','http://feriavirtual.upqroo.edu.mx/SeccionAdministrativa/docs_Unis/carreras/1613688493.pdf','2023',55,1,478,4),(476,'PSCOLOGÍA DEL DESARROLLO HUMANO (SISTEMA MIXTO)','201863MPDH','http://feriavirtual.upqroo.edu.mx/SeccionAdministrativa/docs_Unis/carreras/1613688589.pdf','2023',55,1,479,4),(477,'DIRECCIÓN ADMINISTRATIVA Y DESARROLLO DE POTENCIAL HUMANO (SISTEMA MIXTO)','202043MDAyDPH','http://feriavirtual.upqroo.edu.mx/SeccionAdministrativa/docs_Unis/carreras/1613688733.pdf','2023',55,1,480,4),(478,'NEUROCIANCIAS EDUCATIVAS (SISTEMA MIXTO)','202036DNE','http://feriavirtual.upqroo.edu.mx/SeccionAdministrativa/docs_Unis/carreras/1613692696.pdf','2023',55,1,481,5),(479,' Educación ','202068DEM','http://feriavirtual.upqroo.edu.mx/SeccionAdministrativa/docs_Unis/carreras/1613752549.pdf','1 año 4 meses',17,1,482,5),(480,' Educación ','202067DEL','http://feriavirtual.upqroo.edu.mx/SeccionAdministrativa/docs_Unis/carreras/1613752634.pdf','2 años',17,1,483,5),(481,'LICENCIATURA EN ADMINISTRACIÓN DE EMPRESAS TURÍSTICAS ','RVOE201934LAET','http://feriavirtual.upqroo.edu.mx/SeccionAdministrativa/docs_Unis/carreras/1613774350.pdf','Agosto 2019 ',27,1,484,2),(482,'LICENCIATURA EN ADMINISTRACIÓN DE EMPRESAS ','RVOE201933LAE','http://feriavirtual.upqroo.edu.mx/SeccionAdministrativa/docs_Unis/carreras/1613774976.pdf','Agosto 2019',27,1,485,2),(483,'LICENCIATURA EN MERCADOTECNIA','RVOE201935LM','http://feriavirtual.upqroo.edu.mx/SeccionAdministrativa/docs_Unis/carreras/1613775039.pdf','Agosto 2019 ',27,1,486,2),(484,'OFERTA EDUCATIVA GENERAL','NA','http://feriavirtual.upqroo.edu.mx/SeccionAdministrativa/docs_Unis/carreras/1613776300.pdf','',53,1,487,2);
/*!40000 ALTER TABLE `carrera` ENABLE KEYS */;
UNLOCK TABLES;

--
-- Table structure for table `carrera_area`
--

DROP TABLE IF EXISTS `carrera_area`;
/*!40101 SET @saved_cs_client     = @@character_set_client */;
/*!40101 SET character_set_client = utf8 */;
CREATE TABLE `carrera_area` (
  `Area_ID` int(10) unsigned NOT NULL,
  `Carrera_ID` int(10) unsigned NOT NULL,
  PRIMARY KEY (`Area_ID`,`Carrera_ID`),
  KEY `fk_Carrera_has_Area_Area1_idx` (`Area_ID`),
  KEY `fk_Carrera_has_Area_Carrera1_idx` (`Carrera_ID`),
  CONSTRAINT `fk_Carrera_has_Area_Area1` FOREIGN KEY (`Area_ID`) REFERENCES `area` (`ID`),
  CONSTRAINT `fk_Carrera_has_Area_Carrera1` FOREIGN KEY (`Carrera_ID`) REFERENCES `carrera` (`ID`)
) ENGINE=InnoDB DEFAULT CHARSET=utf8mb4;
/*!40101 SET character_set_client = @saved_cs_client */;

--
-- Dumping data for table `carrera_area`
--

LOCK TABLES `carrera_area` WRITE;
/*!40000 ALTER TABLE `carrera_area` DISABLE KEYS */;
INSERT INTO `carrera_area` VALUES (1,62),(1,120),(1,249),(1,422),(3,425),(4,422),(5,62),(6,62),(10,144),(10,278);
/*!40000 ALTER TABLE `carrera_area` ENABLE KEYS */;
UNLOCK TABLES;

--
-- Table structure for table `contacto_universidad`
--

DROP TABLE IF EXISTS `contacto_universidad`;
/*!40101 SET @saved_cs_client     = @@character_set_client */;
/*!40101 SET character_set_client = utf8 */;
CREATE TABLE `contacto_universidad` (
  `ID` int(10) unsigned NOT NULL AUTO_INCREMENT,
  `Telefono` varchar(45) NOT NULL,
  `Correo_Electronico` varchar(80) NOT NULL,
  `Universidad_ID` int(10) unsigned NOT NULL,
  PRIMARY KEY (`ID`),
  KEY `fk_Contacto_Universidad_Universidad1_idx` (`Universidad_ID`),
  CONSTRAINT `fk_Contacto_Universidad_Universidad1` FOREIGN KEY (`Universidad_ID`) REFERENCES `universidad` (`ID`)
) ENGINE=InnoDB AUTO_INCREMENT=62 DEFAULT CHARSET=utf8mb4;
/*!40101 SET character_set_client = @saved_cs_client */;

--
-- Dumping data for table `contacto_universidad`
--

LOCK TABLES `contacto_universidad` WRITE;
/*!40000 ALTER TABLE `contacto_universidad` DISABLE KEYS */;
INSERT INTO `contacto_universidad` VALUES (1,'9988817750','cci.uac@anahuac.mx',1),(2,'998 8811900','informes@utcancun.edu.mx',2),(3,'9831183008','universidad.wozniak@gmail.com',3),(4,'9988899400','escuelasuperiordeleyes@hotmail.com',4),(5,'9831293219 y 9831293335','promocion_chetumal@uva.edu.mx',5),(6,'44444','rexwolf96@gmail.com',6),(7,'4235436','ut_tareas@live.com.mx',7),(9,'44444','rexwolf96@gmail.com',9),(10,'9982056144','somos@earthlifeuniversity.com',10),(11,'998 884 1616','informes.iucrm@cruzrojacancun.org',11),(12,'4421444128','heberto.aguirre@universidadriviera.edu.mx',12),(13,'telefono anonimo','mr.kegara@gmail.com',13),(14,' 983 834 0168','informes@universidadupp.edu.mx',14),(15,'9878727631','cozumel@unid.mx',15),(16,'9838334832','cam_1960@hotmail.com',16),(17,'9831642986','promocion@iescda.edu.mx',17),(18,'9843145742','info@UniversidadDucens.edu.mx',18),(19,'998 256 68 26 / 998 25 6 67 81 ','cancun@iumsc.mx',19),(20,'222 5772361','giovana.carballo@soyuo.mx',20),(21,'9988844236','info@liceoculinario.com',21),(22,'9983036670','Institutopericial@hotmail.com ',22),(23,'9838322330','cyd_chetumal@tecnm.mx',23),(24,'9838370857','direccion@upnqr.edu.mx',24),(25,'9988845161','operezb@ipn.mx',25),(26,'9831693226','unichetumal@grupocetec.com',26),(27,'9981704427','coordadmisionesuazteca@gmail.com',27),(28,'9842672999','ejecutivo@cuingles.edu.mx',28),(29,'9983241003','infoaztecacancun2@gmail.com',29),(30,'9984021718','admisiones@henbord.com.mx',30),(31,'998 138 51 89','admisiones@unimaat.edu.mx',31),(32,'Pruebas','Pruebas',32),(33,' 8000087766','admisioneschetumal@uqroo.edu.mx',33),(34,'998 246 41 55','iantonio.ucimexico@gmail.com ',34),(35,'9988873518','uni.latinoamericanadelcaribe@gmail.com',35),(36,'998 224 9557','mercadotecnia.cancun@imesad.edu.mx',36),(37,'9831291765','dir.vinculacion@utchetumal.edu.mx',37),(38,'9988984058','contacto@estudiocreativocancun.com',38),(39,'8008327747','admisiones.cun@universidaddelsur.edu.mx',39),(40,'9988862201','promocioncancun@lasallecancun.edu.mx',40),(41,'9848774600','miguel.herrera@utrivieramaya.edu.mx',41),(42,'(997) 68-81441, 68-81438','buzon@uimqroo.edu.mx',42),(43,'9848033546 ext 301 o 304','admisiones.playa@universidaddelsur.edu.mx',43),(44,'9836882211','chetumal@modelo.edu.mx',44),(45,'9846880461','admisiones@explayarte.edu.mx',45),(47,'9988807432','dep@cancun.tecnm.mx',47),(48,'9842061945','informesplaya@escuelaignaciochavez.edu.mx',48),(49,'5576494772','rafael.figueroa@unid.mx',49),(50,'(998) 8814400','vinculacion@ucaribe.edu.mx',50),(51,'9832855972','mgvazquez@unid.mx',51),(52,'Prueba2','Prueba2',52),(53,'9988455470','nagomez@unid.mx',53),(54,'9983102489','admisioncancun@universidadmaya.edu.mx',54),(55,'9831450564','sibis_e@hotmail.com',55),(56,'9832671048','admisiones@itscarrillopuerto.edu.mx',56),(57,'9836881073','dir_zmaya@tecnm.mx',57),(58,'Administración de Empresas Turísticas','Mercadotecnia',58),(59,'9831152365','secretaria.academica@upb.edu.mx',59),(60,'9988840955','promocioncancun@cegestalt.mx',60),(61,'983 834 2185','direccion@crenjrg.edu.mx',61);
/*!40000 ALTER TABLE `contacto_universidad` ENABLE KEYS */;
UNLOCK TABLES;

--
-- Table structure for table `estado`
--

DROP TABLE IF EXISTS `estado`;
/*!40101 SET @saved_cs_client     = @@character_set_client */;
/*!40101 SET character_set_client = utf8 */;
CREATE TABLE `estado` (
  `ID` int(10) unsigned NOT NULL AUTO_INCREMENT,
  `Nombre` varchar(70) NOT NULL,
  PRIMARY KEY (`ID`)
) ENGINE=InnoDB AUTO_INCREMENT=2 DEFAULT CHARSET=utf8mb4;
/*!40101 SET character_set_client = @saved_cs_client */;

--
-- Dumping data for table `estado`
--

LOCK TABLES `estado` WRITE;
/*!40000 ALTER TABLE `estado` DISABLE KEYS */;
INSERT INTO `estado` VALUES (1,'Quintana Roo');
/*!40000 ALTER TABLE `estado` ENABLE KEYS */;
UNLOCK TABLES;

--
-- Table structure for table `estatus`
--

DROP TABLE IF EXISTS `estatus`;
/*!40101 SET @saved_cs_client     = @@character_set_client */;
/*!40101 SET character_set_client = utf8 */;
CREATE TABLE `estatus` (
  `ID` int(10) unsigned NOT NULL AUTO_INCREMENT,
  `Nombre` varchar(45) NOT NULL,
  PRIMARY KEY (`ID`)
) ENGINE=InnoDB AUTO_INCREMENT=5 DEFAULT CHARSET=utf8mb4;
/*!40101 SET character_set_client = @saved_cs_client */;

--
-- Dumping data for table `estatus`
--

LOCK TABLES `estatus` WRITE;
/*!40000 ALTER TABLE `estatus` DISABLE KEYS */;
INSERT INTO `estatus` VALUES (1,'Solicitado'),(2,'Pendiente'),(3,'Aprobado'),(4,'Negado');
/*!40000 ALTER TABLE `estatus` ENABLE KEYS */;
UNLOCK TABLES;

--
-- Table structure for table `foto`
--

DROP TABLE IF EXISTS `foto`;
/*!40101 SET @saved_cs_client     = @@character_set_client */;
/*!40101 SET character_set_client = utf8 */;
CREATE TABLE `foto` (
  `ID` int(10) unsigned NOT NULL AUTO_INCREMENT,
  `Recurso` varchar(200) NOT NULL,
  `Titulo` varchar(70) NOT NULL,
  `Universidad_ID` int(10) unsigned NOT NULL,
  `Seccion_ID` int(10) unsigned NOT NULL,
  PRIMARY KEY (`ID`),
  KEY `fk_Video_Universidad1_idx` (`Universidad_ID`),
  KEY `fk_Video_Seccion1_idx` (`Seccion_ID`),
  CONSTRAINT `fk_Video_Seccion11` FOREIGN KEY (`Seccion_ID`) REFERENCES `seccion` (`ID`),
  CONSTRAINT `fk_Video_Universidad11` FOREIGN KEY (`Universidad_ID`) REFERENCES `universidad` (`ID`)
) ENGINE=InnoDB AUTO_INCREMENT=409 DEFAULT CHARSET=utf8mb4;
/*!40101 SET character_set_client = @saved_cs_client */;

--
-- Dumping data for table `foto`
--

LOCK TABLES `foto` WRITE;
/*!40000 ALTER TABLE `foto` DISABLE KEYS */;
INSERT INTO `foto` VALUES (2,'http://feriavirtual.upqroo.edu.mx/SeccionAdministrativa/docs_Unis/Fotos/1611952774.jpg','Entrada',2,3),(3,'http://feriavirtual.upqroo.edu.mx/SeccionAdministrativa/docs_Unis/Fotos/1611952832.JPG','Toma aérea',2,3),(5,'http://feriavirtual.upqroo.edu.mx/SeccionAdministrativa/docs_Unis/Fotos/1611953038.jpg','Laboratorio de cómputo',2,3),(6,'http://feriavirtual.upqroo.edu.mx/SeccionAdministrativa/docs_Unis/Fotos/1611953071.jpg','Restaurante Escuela \"Raíces\"',2,3),(8,'http://feriavirtual.upqroo.edu.mx/SeccionAdministrativa/docs_Unis/Fotos/1611953164.jpg','Laboratorio de Terapia Física',2,3),(9,'http://feriavirtual.upqroo.edu.mx/SeccionAdministrativa/docs_Unis/Fotos/1611953208.jpg','Cocina de Gastronomía',2,3),(10,'http://feriavirtual.upqroo.edu.mx/SeccionAdministrativa/docs_Unis/Fotos/1611953235.jpg','Laboratorio de Hotelería',2,3),(11,'http://feriavirtual.upqroo.edu.mx/SeccionAdministrativa/docs_Unis/Fotos/1611953294.jpg','Áreas comunes',2,3),(14,'http://feriavirtual.upqroo.edu.mx/SeccionAdministrativa/docs_Unis/Fotos/1612406547.jpg','PromoCAM2021',16,3),(15,'http://feriavirtual.upqroo.edu.mx/SeccionAdministrativa/docs_Unis/Fotos/1612406647.jpg','Mural CAM',16,3),(16,'http://feriavirtual.upqroo.edu.mx/SeccionAdministrativa/docs_Unis/Fotos/1612542386.png','Firma de Convenio internacional',18,3),(17,'http://feriavirtual.upqroo.edu.mx/SeccionAdministrativa/docs_Unis/Fotos/1612713197.jpg','Aulas Teóricas',21,3),(18,'http://feriavirtual.upqroo.edu.mx/SeccionAdministrativa/docs_Unis/Fotos/1612713218.JPG','Composta',21,3),(19,'http://feriavirtual.upqroo.edu.mx/SeccionAdministrativa/docs_Unis/Fotos/1612713239.jpg','Practicas de Cocina',21,3),(20,'http://feriavirtual.upqroo.edu.mx/SeccionAdministrativa/docs_Unis/Fotos/1612713259.png','Fachada Liceo',21,3),(21,'http://feriavirtual.upqroo.edu.mx/SeccionAdministrativa/docs_Unis/Fotos/1612713274.jpg','Alberca',21,3),(22,'http://feriavirtual.upqroo.edu.mx/SeccionAdministrativa/docs_Unis/Fotos/1612713288.jpg','Cocinas',21,3),(23,'http://feriavirtual.upqroo.edu.mx/SeccionAdministrativa/docs_Unis/Fotos/1612713305.jpg','Escuela ',21,3),(25,'http://feriavirtual.upqroo.edu.mx/SeccionAdministrativa/docs_Unis/Fotos/1612908139.jpeg','PLANTEL EDUCATIVO',36,3),(26,'http://feriavirtual.upqroo.edu.mx/SeccionAdministrativa/docs_Unis/Fotos/1612908287.jpg','ADMINISTRATIVOS',36,3),(27,'http://feriavirtual.upqroo.edu.mx/SeccionAdministrativa/docs_Unis/Fotos/1612908569.jpg','AULA',36,3),(28,'http://feriavirtual.upqroo.edu.mx/SeccionAdministrativa/docs_Unis/Fotos/1612908610.jpg','BIBLIOTECA',36,3),(29,'http://feriavirtual.upqroo.edu.mx/SeccionAdministrativa/docs_Unis/Fotos/1612908711.jpg','CAMARA DE GESELL',36,3),(30,'http://feriavirtual.upqroo.edu.mx/SeccionAdministrativa/docs_Unis/Fotos/1612908842.JPG','GASTRONOMIA',36,3),(41,'http://feriavirtual.upqroo.edu.mx/SeccionAdministrativa/docs_Unis/Fotos/1612972286.jpg','CULTURAL',36,3),(42,'http://feriavirtual.upqroo.edu.mx/SeccionAdministrativa/docs_Unis/Fotos/1612982531.JPG','Salón Interactivo I',30,3),(43,'http://feriavirtual.upqroo.edu.mx/SeccionAdministrativa/docs_Unis/Fotos/1612982552.jpg','Salón Interactivo II',30,3),(44,'http://feriavirtual.upqroo.edu.mx/SeccionAdministrativa/docs_Unis/Fotos/1612982568.jpeg','Recepción',30,3),(45,'http://feriavirtual.upqroo.edu.mx/SeccionAdministrativa/docs_Unis/Fotos/1612983791.JPG','Facha Principal y Colaboradores',30,3),(46,'http://feriavirtual.upqroo.edu.mx/SeccionAdministrativa/docs_Unis/Fotos/1612983830.JPG','Medidas de Seguridad e Higiene',30,3),(47,'http://feriavirtual.upqroo.edu.mx/SeccionAdministrativa/docs_Unis/Fotos/1612983845.JPG','Tunel Sanitizante',30,3),(48,'http://feriavirtual.upqroo.edu.mx/SeccionAdministrativa/docs_Unis/Fotos/1612984300.jpg','Entrada Principal',30,3),(49,'http://feriavirtual.upqroo.edu.mx/SeccionAdministrativa/docs_Unis/Fotos/1612984349.JPG','Salón Interactivo III',30,3),(50,'http://feriavirtual.upqroo.edu.mx/SeccionAdministrativa/docs_Unis/Fotos/1613017124.JPG','Edificio \"D\" Docencia',41,3),(52,'http://feriavirtual.upqroo.edu.mx/SeccionAdministrativa/docs_Unis/Fotos/1613017238.jpg','Edificio \"C\" Biblioteca',41,3),(55,'http://feriavirtual.upqroo.edu.mx/SeccionAdministrativa/docs_Unis/Fotos/1613017417.jpg','Domo Deportivo',41,3),(58,'http://feriavirtual.upqroo.edu.mx/SeccionAdministrativa/docs_Unis/Fotos/1613073403.jpeg','PLANTEL EDUCATIVO UNIMAAT',31,3),(60,'http://feriavirtual.upqroo.edu.mx/SeccionAdministrativa/docs_Unis/Fotos/1613073648.jpeg','CUERPO DIRECTIVO Y ADMINISTRATIVO',31,3),(61,'http://feriavirtual.upqroo.edu.mx/SeccionAdministrativa/docs_Unis/Fotos/1613073711.jpeg','SALONES ',31,3),(62,'http://feriavirtual.upqroo.edu.mx/SeccionAdministrativa/docs_Unis/Fotos/1613073831.jpeg','LABORATORIO DE CRIMINALÍSTICA',31,162),(63,'http://feriavirtual.upqroo.edu.mx/SeccionAdministrativa/docs_Unis/Fotos/1613073923.jpeg','LABORATORIO DE ENFERMERÍA',31,161),(64,'http://feriavirtual.upqroo.edu.mx/SeccionAdministrativa/docs_Unis/Fotos/1613074127.jpeg','TALLER DE DIVISIÓN CUARTOS',31,164),(65,'http://feriavirtual.upqroo.edu.mx/SeccionAdministrativa/docs_Unis/Fotos/1613074170.png','TALLER DE GASTRONOMÍA',31,163),(66,'http://feriavirtual.upqroo.edu.mx/SeccionAdministrativa/docs_Unis/Fotos/1613074567.jpeg','SALA DE JUICIOS ORALES',31,169),(67,'http://feriavirtual.upqroo.edu.mx/SeccionAdministrativa/docs_Unis/Fotos/1613086938.jpg','ENTRADA PRINCIPAL',4,3),(68,'http://feriavirtual.upqroo.edu.mx/SeccionAdministrativa/docs_Unis/Fotos/1613087023.jpg','TERRAZA',4,3),(69,'http://feriavirtual.upqroo.edu.mx/SeccionAdministrativa/docs_Unis/Fotos/1613087081.jpg','ÁGORA',4,3),(70,'http://feriavirtual.upqroo.edu.mx/SeccionAdministrativa/docs_Unis/Fotos/1613088105.jpg','AUDITORIO',4,3),(71,'http://feriavirtual.upqroo.edu.mx/SeccionAdministrativa/docs_Unis/Fotos/1613088118.jpg','SALONES',4,3),(72,'http://feriavirtual.upqroo.edu.mx/SeccionAdministrativa/docs_Unis/Fotos/1613088142.jpg','SALONES 2',4,3),(73,'http://feriavirtual.upqroo.edu.mx/SeccionAdministrativa/docs_Unis/Fotos/1613094006.jpg','Instituto Tecnológico de Chetumal',23,3),(77,'http://feriavirtual.upqroo.edu.mx/SeccionAdministrativa/docs_Unis/Fotos/1613095368.jpg','Carrera Prueba 3',13,68),(83,'http://feriavirtual.upqroo.edu.mx/SeccionAdministrativa/docs_Unis/Fotos/1613097101.jpg','Instalaciones',23,3),(85,'http://feriavirtual.upqroo.edu.mx/SeccionAdministrativa/docs_Unis/Fotos/1613102293.jpg','Actividades Culturales, Cívicas y Deportivas',23,3),(86,'http://feriavirtual.upqroo.edu.mx/SeccionAdministrativa/docs_Unis/Fotos/1613102323.jpg','Actividades Estudiantiles',23,3),(87,'http://feriavirtual.upqroo.edu.mx/SeccionAdministrativa/docs_Unis/Fotos/1613102350.jpg','Actividades Estudiantiles',23,3),(88,'http://feriavirtual.upqroo.edu.mx/SeccionAdministrativa/docs_Unis/Fotos/1613102376.jpg','Estudiantes Premiados',23,3),(89,'http://feriavirtual.upqroo.edu.mx/SeccionAdministrativa/docs_Unis/Fotos/1613102406.jpg','Docentes',23,3),(90,'http://feriavirtual.upqroo.edu.mx/SeccionAdministrativa/docs_Unis/Fotos/1613102654.jpg','Eventos Académicos',23,3),(91,'http://feriavirtual.upqroo.edu.mx/SeccionAdministrativa/docs_Unis/Fotos/1613105751.png','CONFERENCIAS',3,3),(92,'http://feriavirtual.upqroo.edu.mx/SeccionAdministrativa/docs_Unis/Fotos/1613105877.png','PASILLO',3,3),(95,'http://feriavirtual.upqroo.edu.mx/SeccionAdministrativa/docs_Unis/Fotos/1613136227.JPG','Aula de Clases',37,3),(96,'http://feriavirtual.upqroo.edu.mx/SeccionAdministrativa/docs_Unis/Fotos/1613136703.jpg','Restaurante Escuela ',37,3),(97,'http://feriavirtual.upqroo.edu.mx/SeccionAdministrativa/docs_Unis/Fotos/1613136908.JPG','Domo Deportivo',37,3),(98,'http://feriavirtual.upqroo.edu.mx/SeccionAdministrativa/docs_Unis/Fotos/1613137155.jpg','Entrada Universidad',37,3),(99,'http://feriavirtual.upqroo.edu.mx/SeccionAdministrativa/docs_Unis/Fotos/1613137231.jpg','Panorámica de las Instalaciones',37,3),(100,'http://feriavirtual.upqroo.edu.mx/SeccionAdministrativa/docs_Unis/Fotos/1613137597.JPG','Centro de información y documentación',37,3),(101,'http://feriavirtual.upqroo.edu.mx/SeccionAdministrativa/docs_Unis/Fotos/1613145777.JPG','Actividades culturales',12,3),(103,'http://feriavirtual.upqroo.edu.mx/SeccionAdministrativa/docs_Unis/Fotos/1613145994.jpg','Áreas verdes',12,3),(105,'http://feriavirtual.upqroo.edu.mx/SeccionAdministrativa/docs_Unis/Fotos/1613146123.jpg','Aulas equipadas',12,3),(109,'http://feriavirtual.upqroo.edu.mx/SeccionAdministrativa/docs_Unis/Fotos/1613147588.jpg','Sala de Juicios Orales',12,3),(110,'http://feriavirtual.upqroo.edu.mx/SeccionAdministrativa/docs_Unis/Fotos/1613147625.jpg','Entrada principal',12,3),(111,'http://feriavirtual.upqroo.edu.mx/SeccionAdministrativa/docs_Unis/Fotos/1613147970.jpg','Canchas de basquetball',12,3),(112,'http://feriavirtual.upqroo.edu.mx/SeccionAdministrativa/docs_Unis/Fotos/1613148029.jpg','Aula de usos multiples',12,3),(113,'http://feriavirtual.upqroo.edu.mx/SeccionAdministrativa/docs_Unis/Fotos/1613148175.jpg','Campo de futball',12,3),(114,'http://feriavirtual.upqroo.edu.mx/SeccionAdministrativa/docs_Unis/Fotos/1613149585.JPG','Aula de Medios',24,3),(115,'http://feriavirtual.upqroo.edu.mx/SeccionAdministrativa/docs_Unis/Fotos/1613149698.jpg','Foto panorámica de las instalaciones',24,3),(116,'http://feriavirtual.upqroo.edu.mx/SeccionAdministrativa/docs_Unis/Fotos/1613149868.jpg','Aula de clases ',24,3),(117,'http://feriavirtual.upqroo.edu.mx/SeccionAdministrativa/docs_Unis/Fotos/1613150224.JPG','Cuerpo directivo, docente y administrativo ',24,3),(118,'http://feriavirtual.upqroo.edu.mx/SeccionAdministrativa/docs_Unis/Fotos/1613150269.JPG','Graduación',24,3),(119,'http://feriavirtual.upqroo.edu.mx/SeccionAdministrativa/docs_Unis/Fotos/1613150300.JPG','Evento cultural',24,3),(120,'http://feriavirtual.upqroo.edu.mx/SeccionAdministrativa/docs_Unis/Fotos/1613153904.JPG','Universidad La Salle Cancún',40,3),(121,'http://feriavirtual.upqroo.edu.mx/SeccionAdministrativa/docs_Unis/Fotos/1613154469.jpeg','Edificio Biblioteca',50,3),(122,'http://feriavirtual.upqroo.edu.mx/SeccionAdministrativa/docs_Unis/Fotos/1613154633.png','Universidad del Caribe',50,3),(124,'http://feriavirtual.upqroo.edu.mx/SeccionAdministrativa/docs_Unis/Fotos/1613154767.jpg','Tocho Bandera',40,252),(125,'http://feriavirtual.upqroo.edu.mx/SeccionAdministrativa/docs_Unis/Fotos/1613155023.JPG','Laboratorio de enfermería',40,3),(126,'http://feriavirtual.upqroo.edu.mx/SeccionAdministrativa/docs_Unis/Fotos/1613155052.jpg','Cabina de radio ',40,3),(127,'http://feriavirtual.upqroo.edu.mx/SeccionAdministrativa/docs_Unis/Fotos/1613155086.JPG','Aula de Juicios Orales ',40,3),(130,'http://feriavirtual.upqroo.edu.mx/SeccionAdministrativa/docs_Unis/Fotos/1613155371.JPG','Aula',40,3),(131,'http://feriavirtual.upqroo.edu.mx/SeccionAdministrativa/docs_Unis/Fotos/1613155392.jpg','Deportes',40,252),(132,'http://feriavirtual.upqroo.edu.mx/SeccionAdministrativa/docs_Unis/Fotos/1613155532.JPG','Entrada principal',35,3),(133,'http://feriavirtual.upqroo.edu.mx/SeccionAdministrativa/docs_Unis/Fotos/1613155561.JPG','Pasillo lobby',35,3),(134,'http://feriavirtual.upqroo.edu.mx/SeccionAdministrativa/docs_Unis/Fotos/1613155572.jpg','Fut bol',40,252),(135,'http://feriavirtual.upqroo.edu.mx/SeccionAdministrativa/docs_Unis/Fotos/1613156088.png','Logotipo ',50,3),(136,'http://feriavirtual.upqroo.edu.mx/SeccionAdministrativa/docs_Unis/Fotos/1613156374.png','Universidad del Caribe 1',50,3),(137,'http://feriavirtual.upqroo.edu.mx/SeccionAdministrativa/docs_Unis/Fotos/1613156468.png','Universidad del Caribe 2',50,3),(138,'http://feriavirtual.upqroo.edu.mx/SeccionAdministrativa/docs_Unis/Fotos/1613156584.jpg','Cuerpo Administrativo',44,3),(139,'http://feriavirtual.upqroo.edu.mx/SeccionAdministrativa/docs_Unis/Fotos/1613156661.png','Panorámica de la Universidad',44,3),(140,'http://feriavirtual.upqroo.edu.mx/SeccionAdministrativa/docs_Unis/Fotos/1613156881.jpg','Áreas de esparcimiento',44,3),(141,'http://feriavirtual.upqroo.edu.mx/SeccionAdministrativa/docs_Unis/Fotos/1613157072.jpg','Actividades culturales',44,3),(142,'http://feriavirtual.upqroo.edu.mx/SeccionAdministrativa/docs_Unis/Fotos/1613157123.jpg','LABORATORIOS',44,3),(143,'http://feriavirtual.upqroo.edu.mx/SeccionAdministrativa/docs_Unis/Fotos/1613157261.jpg','Aspectos destacable',44,3),(144,'http://feriavirtual.upqroo.edu.mx/SeccionAdministrativa/docs_Unis/Fotos/1613157451.JPG','Entrada del Plantel Educativo',44,3),(145,'http://feriavirtual.upqroo.edu.mx/SeccionAdministrativa/docs_Unis/Fotos/1613157641.JPG','Aulas',44,3),(146,'http://feriavirtual.upqroo.edu.mx/SeccionAdministrativa/docs_Unis/Fotos/1613158809.jpeg','Biblioteca 2',50,3),(147,'http://feriavirtual.upqroo.edu.mx/SeccionAdministrativa/docs_Unis/Fotos/1613159034.jpg','Entrada Principal',39,3),(149,'http://feriavirtual.upqroo.edu.mx/SeccionAdministrativa/docs_Unis/Fotos/1613159143.jpg','Pasillos de Edificio C',39,3),(150,'http://feriavirtual.upqroo.edu.mx/SeccionAdministrativa/docs_Unis/Fotos/1613159218.jpg','Biblioteca Virtual',39,3),(151,'http://feriavirtual.upqroo.edu.mx/SeccionAdministrativa/docs_Unis/Fotos/1613159234.JPG','Biblioteca 3',50,3),(152,'http://feriavirtual.upqroo.edu.mx/SeccionAdministrativa/docs_Unis/Fotos/1613159266.jpg','Gastronomia 1',50,359),(153,'http://feriavirtual.upqroo.edu.mx/SeccionAdministrativa/docs_Unis/Fotos/1613159296.png','Salones de Posgrados',39,3),(154,'http://feriavirtual.upqroo.edu.mx/SeccionAdministrativa/docs_Unis/Fotos/1613162391.jpg','Campus Chetumal',51,3),(163,'http://feriavirtual.upqroo.edu.mx/SeccionAdministrativa/docs_Unis/Fotos/1613164351.JPG','Entrada',10,3),(164,'http://feriavirtual.upqroo.edu.mx/SeccionAdministrativa/docs_Unis/Fotos/1613164525.JPG','Entrada panorámica',10,3),(165,'http://feriavirtual.upqroo.edu.mx/SeccionAdministrativa/docs_Unis/Fotos/1613164679.JPG','Área libre',10,3),(166,'http://feriavirtual.upqroo.edu.mx/SeccionAdministrativa/docs_Unis/Fotos/1613164989.JPG','Actividades',10,3),(167,'http://feriavirtual.upqroo.edu.mx/SeccionAdministrativa/docs_Unis/Fotos/1613165287.JPG','Aula',10,3),(168,'http://feriavirtual.upqroo.edu.mx/SeccionAdministrativa/docs_Unis/Fotos/1613165452.JPG','Aulas fachada',10,3),(169,'http://feriavirtual.upqroo.edu.mx/SeccionAdministrativa/docs_Unis/Fotos/1613165588.JPG','Entrada fachada',10,3),(170,'http://feriavirtual.upqroo.edu.mx/SeccionAdministrativa/docs_Unis/Fotos/1613165708.JPG','Letrero Earth',10,3),(171,'http://feriavirtual.upqroo.edu.mx/SeccionAdministrativa/docs_Unis/Fotos/1613168955.jpeg','Cuerpo directivo, docente y administrativo',37,3),(172,'http://feriavirtual.upqroo.edu.mx/SeccionAdministrativa/docs_Unis/Fotos/1613169382.jpg','Actividad Cultural',37,3),(173,'http://feriavirtual.upqroo.edu.mx/SeccionAdministrativa/docs_Unis/Fotos/1613173895.png','CURSOS EN LINEA',4,32),(174,'http://feriavirtual.upqroo.edu.mx/SeccionAdministrativa/docs_Unis/Fotos/1613173927.jpg','Biblioteca',51,3),(175,'http://feriavirtual.upqroo.edu.mx/SeccionAdministrativa/docs_Unis/Fotos/1613174118.jpg','Sala de Juicios Orales',51,3),(177,'http://feriavirtual.upqroo.edu.mx/SeccionAdministrativa/docs_Unis/Fotos/1613174260.jpg','EQUIVALENCIA DE ESTUDIOS LICENCIATURA',4,354),(178,'http://feriavirtual.upqroo.edu.mx/SeccionAdministrativa/docs_Unis/Fotos/1613174326.jpg','Cabina de Radio',51,3),(179,'http://feriavirtual.upqroo.edu.mx/SeccionAdministrativa/docs_Unis/Fotos/1613174772.jpg','Cancha de Usos Multiples',51,3),(180,'http://feriavirtual.upqroo.edu.mx/SeccionAdministrativa/docs_Unis/Fotos/1613174902.jpg','Taller de Gastronomía',51,3),(181,'http://feriavirtual.upqroo.edu.mx/SeccionAdministrativa/docs_Unis/Fotos/1613175098.jpg','Centro de Computo',51,3),(182,'http://feriavirtual.upqroo.edu.mx/SeccionAdministrativa/docs_Unis/Fotos/1613175339.jpg','Taller de Serigrafía',51,3),(187,'http://feriavirtual.upqroo.edu.mx/SeccionAdministrativa/docs_Unis/Fotos/1613190205.jpg','banner de Cancún',33,3),(188,'http://feriavirtual.upqroo.edu.mx/SeccionAdministrativa/docs_Unis/Fotos/1613190259.jpg','banner de Chetumal',33,3),(189,'http://feriavirtual.upqroo.edu.mx/SeccionAdministrativa/docs_Unis/Fotos/1613190310.jpg','banner de chetumal',33,3),(190,'http://feriavirtual.upqroo.edu.mx/SeccionAdministrativa/docs_Unis/Fotos/1613190375.jpg','banner Cozumel',33,3),(191,'http://feriavirtual.upqroo.edu.mx/SeccionAdministrativa/docs_Unis/Fotos/1613190446.jpg','banner de Playa del Carmen',33,3),(193,'http://feriavirtual.upqroo.edu.mx/SeccionAdministrativa/docs_Unis/Fotos/1613190595.jpg','banner de posgrado',33,3),(194,'http://feriavirtual.upqroo.edu.mx/SeccionAdministrativa/docs_Unis/Fotos/1613237314.jpg','UNID EDIFICIO',53,3),(195,'http://feriavirtual.upqroo.edu.mx/SeccionAdministrativa/docs_Unis/Fotos/1613237341.jpg','UNID EDIFICIO 2',53,3),(196,'http://feriavirtual.upqroo.edu.mx/SeccionAdministrativa/docs_Unis/Fotos/1613237479.jpg','UNID EDIFICIO 3',53,3),(197,'http://feriavirtual.upqroo.edu.mx/SeccionAdministrativa/docs_Unis/Fotos/1613237490.jpg','UNID EDIFICIO 4',53,3),(198,'http://feriavirtual.upqroo.edu.mx/SeccionAdministrativa/docs_Unis/Fotos/1613247602.jpg','Aulas y salones ',42,3),(199,'http://feriavirtual.upqroo.edu.mx/SeccionAdministrativa/docs_Unis/Fotos/1613247666.jpg','Egreso de profesionales',42,3),(200,'http://feriavirtual.upqroo.edu.mx/SeccionAdministrativa/docs_Unis/Fotos/1613247716.jpg','Biblioteca con acceso a bases de datos digitales',42,3),(201,'http://feriavirtual.upqroo.edu.mx/SeccionAdministrativa/docs_Unis/Fotos/1613247760.jpg','Actividades ',42,3),(202,'http://feriavirtual.upqroo.edu.mx/SeccionAdministrativa/docs_Unis/Fotos/1613247803.jpg','Deportes',42,3),(203,'http://feriavirtual.upqroo.edu.mx/SeccionAdministrativa/docs_Unis/Fotos/1613247838.jpg','Centro de Acceso a la Información (CAI)',42,3),(204,'http://feriavirtual.upqroo.edu.mx/SeccionAdministrativa/docs_Unis/Fotos/1613269575.jpg','Salones',42,3),(205,'http://feriavirtual.upqroo.edu.mx/SeccionAdministrativa/docs_Unis/Fotos/1613247910.jpg','Aulas',42,3),(206,'http://feriavirtual.upqroo.edu.mx/SeccionAdministrativa/docs_Unis/Fotos/1613248197.jpeg','LAB COMPUTO CETEC',26,3),(207,'http://feriavirtual.upqroo.edu.mx/SeccionAdministrativa/docs_Unis/Fotos/1613248219.jpeg','PANORAMICA CETEC',26,3),(208,'http://feriavirtual.upqroo.edu.mx/SeccionAdministrativa/docs_Unis/Fotos/1613248237.jpeg','DERECHO',26,139),(209,'http://feriavirtual.upqroo.edu.mx/SeccionAdministrativa/docs_Unis/Fotos/1613248256.jpeg','ADMINISTRACION Y DIRECCION ',26,140),(210,'http://feriavirtual.upqroo.edu.mx/SeccionAdministrativa/docs_Unis/Fotos/1613248288.jpeg','SISTEMAS COMPUTACIONALES',26,141),(211,'http://feriavirtual.upqroo.edu.mx/SeccionAdministrativa/docs_Unis/Fotos/1613252272.jpg','Carrera Prueba 3',52,3),(217,'http://feriavirtual.upqroo.edu.mx/SeccionAdministrativa/docs_Unis/Fotos/1613398747.jpeg','Aula de clases',35,3),(218,'http://feriavirtual.upqroo.edu.mx/SeccionAdministrativa/docs_Unis/Fotos/1613398811.jpeg','Aula de Puericultura',35,3),(219,'http://feriavirtual.upqroo.edu.mx/SeccionAdministrativa/docs_Unis/Fotos/1613398895.jpeg','Corredor',35,3),(220,'http://feriavirtual.upqroo.edu.mx/SeccionAdministrativa/docs_Unis/Fotos/1613398950.jpeg','Aula de clases 2',35,3),(221,'http://feriavirtual.upqroo.edu.mx/SeccionAdministrativa/docs_Unis/Fotos/1613403248.jpeg','Piscina de la Universidad',35,3),(222,'http://feriavirtual.upqroo.edu.mx/SeccionAdministrativa/docs_Unis/Fotos/1613496443.png','Prueba 4',52,3),(223,'http://feriavirtual.upqroo.edu.mx/SeccionAdministrativa/docs_Unis/Fotos/1613502081.jpg','Campo de fútbol rápido',56,3),(224,'http://feriavirtual.upqroo.edu.mx/SeccionAdministrativa/docs_Unis/Fotos/1613502108.jpg','Nuestros alumnos',56,3),(225,'http://feriavirtual.upqroo.edu.mx/SeccionAdministrativa/docs_Unis/Fotos/1613502133.jpg','Edificio H',56,3),(226,'http://feriavirtual.upqroo.edu.mx/SeccionAdministrativa/docs_Unis/Fotos/1613502342.JPG','Personal del Tecnológico',56,3),(227,'http://feriavirtual.upqroo.edu.mx/SeccionAdministrativa/docs_Unis/Fotos/1613502448.JPG','Laboratorios',56,3),(228,'http://feriavirtual.upqroo.edu.mx/SeccionAdministrativa/docs_Unis/Fotos/1613502471.JPG','Talleres',56,3),(229,'http://feriavirtual.upqroo.edu.mx/SeccionAdministrativa/docs_Unis/Fotos/1613502491.JPG','Laboratorio',56,3),(230,'http://feriavirtual.upqroo.edu.mx/SeccionAdministrativa/docs_Unis/Fotos/1613502534.jpg','Edificio E',56,3),(231,'http://feriavirtual.upqroo.edu.mx/SeccionAdministrativa/docs_Unis/Fotos/1613506357.jpeg','Administración de Empresas Turísticas',58,431),(232,'http://feriavirtual.upqroo.edu.mx/SeccionAdministrativa/docs_Unis/Fotos/1613506386.jpeg','Licenciatura en Derecho',58,432),(233,'http://feriavirtual.upqroo.edu.mx/SeccionAdministrativa/docs_Unis/Fotos/1613506515.jpeg','Mercadotecnia',58,433),(234,'http://feriavirtual.upqroo.edu.mx/SeccionAdministrativa/docs_Unis/Fotos/1613509785.png','CLASES',3,3),(235,'http://feriavirtual.upqroo.edu.mx/SeccionAdministrativa/docs_Unis/Fotos/1613509822.png','CLASES',3,3),(236,'http://feriavirtual.upqroo.edu.mx/SeccionAdministrativa/docs_Unis/Fotos/1613509866.png','FRENTE',3,3),(237,'http://feriavirtual.upqroo.edu.mx/SeccionAdministrativa/docs_Unis/Fotos/1613509905.png','TRASERA',3,3),(238,'http://feriavirtual.upqroo.edu.mx/SeccionAdministrativa/docs_Unis/Fotos/1613509971.png','LATERAL',3,3),(239,'http://feriavirtual.upqroo.edu.mx/SeccionAdministrativa/docs_Unis/Fotos/1613510015.png','FRONTAL',3,3),(241,'http://feriavirtual.upqroo.edu.mx/SeccionAdministrativa/docs_Unis/Fotos/1613514318.jpeg','Entrada plantel educativo',49,3),(242,'http://feriavirtual.upqroo.edu.mx/SeccionAdministrativa/docs_Unis/Fotos/1613514359.jpeg','Panorámica UNID Campus Playa del Carmen',49,3),(248,'http://feriavirtual.upqroo.edu.mx/SeccionAdministrativa/docs_Unis/Fotos/1613579407.jpg','CAFETERÍA ',29,152),(249,'http://feriavirtual.upqroo.edu.mx/SeccionAdministrativa/docs_Unis/Fotos/1613579457.jpg','AUDIOVISUAL  Y USOS MÚLTIPLES ',29,152),(250,'http://feriavirtual.upqroo.edu.mx/SeccionAdministrativa/docs_Unis/Fotos/1613579484.jpg','CÁMARA GESELL',29,152),(251,'http://feriavirtual.upqroo.edu.mx/SeccionAdministrativa/docs_Unis/Fotos/1613579527.jpg','CANCHA DEPORTIVA ',29,152),(252,'http://feriavirtual.upqroo.edu.mx/SeccionAdministrativa/docs_Unis/Fotos/1613581086.jpeg','Aula',49,3),(253,'http://feriavirtual.upqroo.edu.mx/SeccionAdministrativa/docs_Unis/Fotos/1613581107.jpeg','Aula 2',49,3),(254,'http://feriavirtual.upqroo.edu.mx/SeccionAdministrativa/docs_Unis/Fotos/1613581127.jpeg','Sala de juicios orales',49,3),(255,'http://feriavirtual.upqroo.edu.mx/SeccionAdministrativa/docs_Unis/Fotos/1613581170.jpeg','Sala audiovisuales',49,3),(256,'http://feriavirtual.upqroo.edu.mx/SeccionAdministrativa/docs_Unis/Fotos/1613583047.jpeg','Gastronomía ',49,3),(257,'http://feriavirtual.upqroo.edu.mx/SeccionAdministrativa/docs_Unis/Fotos/1613583074.jpeg','Taller de computación ',49,3),(258,'http://feriavirtual.upqroo.edu.mx/SeccionAdministrativa/docs_Unis/Fotos/1613590065.jpg','Lic. en Psicología Educativa ',24,444),(259,'http://feriavirtual.upqroo.edu.mx/SeccionAdministrativa/docs_Unis/Fotos/1613590115.jpg','Lic. en Intervención Educativa',24,445),(261,'http://feriavirtual.upqroo.edu.mx/SeccionAdministrativa/docs_Unis/Fotos/1613596903.JPG','Foto 5. Actividades culturales y deportivas',59,3),(262,'http://feriavirtual.upqroo.edu.mx/SeccionAdministrativa/docs_Unis/Fotos/1613596941.jpg','Foto 7. Laboratorios y talleres',59,3),(263,'http://feriavirtual.upqroo.edu.mx/SeccionAdministrativa/docs_Unis/Fotos/1613597019.JPG','Foto 8. Graduación de los estudiantes',59,3),(264,'http://feriavirtual.upqroo.edu.mx/SeccionAdministrativa/docs_Unis/Fotos/1613601719.jpg','Foto 1. Entrada del plantel educativo',59,3),(265,'http://feriavirtual.upqroo.edu.mx/SeccionAdministrativa/docs_Unis/Fotos/1613602172.jpg','Foto 2. Panorámica de las Instalaciones',59,3),(266,'http://feriavirtual.upqroo.edu.mx/SeccionAdministrativa/docs_Unis/Fotos/1613602451.jpg','Foto 4. Cuerpo directivo, docente y administrativo',59,3),(267,'http://feriavirtual.upqroo.edu.mx/SeccionAdministrativa/docs_Unis/Fotos/1613602821.jpg','Foto 6. Aulas',59,3),(269,'http://feriavirtual.upqroo.edu.mx/SeccionAdministrativa/docs_Unis/Fotos/1613606892.jpg','Prueba',52,446),(270,'http://feriavirtual.upqroo.edu.mx/SeccionAdministrativa/docs_Unis/Fotos/1613620194.jpg','Foto 3.  Vista del Campo de futbol',59,3),(271,'http://feriavirtual.upqroo.edu.mx/SeccionAdministrativa/docs_Unis/Fotos/1613624575.png','Fachada del Instituto de Estudios Superiores Lamat',55,3),(272,'http://feriavirtual.upqroo.edu.mx/SeccionAdministrativa/docs_Unis/Fotos/1613624638.png','Interior del Instituto de Estudios Superiores Lamat y Viktor Frankl',55,3),(273,'http://feriavirtual.upqroo.edu.mx/SeccionAdministrativa/docs_Unis/Fotos/1613624663.png','Interior del Instituto de Estudios Superiores Lamat y Viktor Frankl',55,3),(274,'http://feriavirtual.upqroo.edu.mx/SeccionAdministrativa/docs_Unis/Fotos/1613624727.png','Actividades extracurriculares ',55,417),(275,'http://feriavirtual.upqroo.edu.mx/SeccionAdministrativa/docs_Unis/Fotos/1613624786.png','Actividades Culturales',55,3),(276,'http://feriavirtual.upqroo.edu.mx/SeccionAdministrativa/docs_Unis/Fotos/1613624835.png','Actividades Cívicas',55,417),(277,'http://feriavirtual.upqroo.edu.mx/SeccionAdministrativa/docs_Unis/Fotos/1613624918.png','Excelente ambiente estudiantil',55,3),(285,'http://feriavirtual.upqroo.edu.mx/SeccionAdministrativa/docs_Unis/Fotos/1613659628.jpeg','Docentes',21,120),(286,'http://feriavirtual.upqroo.edu.mx/SeccionAdministrativa/docs_Unis/Fotos/1613663217.jpg','AUDIOVISUAL ',27,3),(287,'http://feriavirtual.upqroo.edu.mx/SeccionAdministrativa/docs_Unis/Fotos/1613663253.jpg','Cafetería ',27,3),(288,'http://feriavirtual.upqroo.edu.mx/SeccionAdministrativa/docs_Unis/Fotos/1613663421.jpg','Cancha deportiva',27,3),(289,'http://feriavirtual.upqroo.edu.mx/SeccionAdministrativa/docs_Unis/Fotos/1613664608.jpg','COMEDORES',43,3),(290,'http://feriavirtual.upqroo.edu.mx/SeccionAdministrativa/docs_Unis/Fotos/1613664655.jpg','JARDIN',43,3),(291,'http://feriavirtual.upqroo.edu.mx/SeccionAdministrativa/docs_Unis/Fotos/1613664672.png','AULA MULTIUSOS',43,3),(294,'http://feriavirtual.upqroo.edu.mx/SeccionAdministrativa/docs_Unis/Fotos/1613667095.jpg','Las oficinas',45,312),(295,'http://feriavirtual.upqroo.edu.mx/SeccionAdministrativa/docs_Unis/Fotos/1613668517.jpg','Explayarte está ubicada sobre Diagonal 70, entre las calles 41 y 39 su',45,3),(296,'http://feriavirtual.upqroo.edu.mx/SeccionAdministrativa/docs_Unis/Fotos/1613668761.jpg','Clase de danza de la Licenciatura en Artes Escénicas',45,310),(297,'http://feriavirtual.upqroo.edu.mx/SeccionAdministrativa/docs_Unis/Fotos/1613669259.jpg','Clase de instrumento de Licenciatura en Música Popular Contemporánea',45,3),(298,'http://feriavirtual.upqroo.edu.mx/SeccionAdministrativa/docs_Unis/Fotos/1613668908.JPG','Presentación de Chicago el musical de nuestro Taller de teatro musical',45,3),(299,'http://feriavirtual.upqroo.edu.mx/SeccionAdministrativa/docs_Unis/Fotos/1613669100.jpeg','Clase de Historia del Arte de la Licenciatura en Producción y Gestión ',45,311),(300,'http://feriavirtual.upqroo.edu.mx/SeccionAdministrativa/docs_Unis/Fotos/1613669158.jpg','Examen final de la clase de Actuación',45,310),(301,'http://feriavirtual.upqroo.edu.mx/SeccionAdministrativa/docs_Unis/Fotos/1613669225.jpg','Examen final de la clase de Ensamble.',45,312),(302,'http://feriavirtual.upqroo.edu.mx/SeccionAdministrativa/docs_Unis/Fotos/1613685317.jpeg','Entrada',57,3),(303,'http://feriavirtual.upqroo.edu.mx/SeccionAdministrativa/docs_Unis/Fotos/1613685341.jpeg','Escolta',57,3),(304,'http://feriavirtual.upqroo.edu.mx/SeccionAdministrativa/docs_Unis/Fotos/1613685365.jpeg','Invernadero',57,3),(306,'http://feriavirtual.upqroo.edu.mx/SeccionAdministrativa/docs_Unis/Fotos/1613685458.jpeg','Ingeniería en Agronomía',57,425),(308,'http://feriavirtual.upqroo.edu.mx/SeccionAdministrativa/docs_Unis/Fotos/1613685530.jpeg','Ingeniería Forestal',57,426),(310,'http://feriavirtual.upqroo.edu.mx/SeccionAdministrativa/docs_Unis/Fotos/1613685659.jpeg','Ingeniería en Gestión Empresarial',57,427),(311,'http://feriavirtual.upqroo.edu.mx/SeccionAdministrativa/docs_Unis/Fotos/1613685683.jpeg','Ingeniería Informática',57,428),(312,'http://feriavirtual.upqroo.edu.mx/SeccionAdministrativa/docs_Unis/Fotos/1613685711.jpeg','Plaza',57,3),(313,'http://feriavirtual.upqroo.edu.mx/SeccionAdministrativa/docs_Unis/Fotos/1613698889.pdf','Prueba de error',13,3),(317,'http://feriavirtual.upqroo.edu.mx/SeccionAdministrativa/docs_Unis/Fotos/1613700024.JPG','Biblioteca',11,3),(319,'http://feriavirtual.upqroo.edu.mx/SeccionAdministrativa/docs_Unis/Fotos/1613700341.jpg','Salón de Clases ',11,3),(320,'http://feriavirtual.upqroo.edu.mx/SeccionAdministrativa/docs_Unis/Fotos/1613703004.JPG','LABORATORIO ELECTROMECÁNICA',47,3),(322,'http://feriavirtual.upqroo.edu.mx/SeccionAdministrativa/docs_Unis/Fotos/1613703043.JPG','NANOTECNOLOGÍA',47,3),(323,'http://feriavirtual.upqroo.edu.mx/SeccionAdministrativa/docs_Unis/Fotos/1613703056.JPG','INVESTIGACIÓN',47,3),(324,'http://feriavirtual.upqroo.edu.mx/SeccionAdministrativa/docs_Unis/Fotos/1613703110.JPG','AULA1',47,3),(326,'http://feriavirtual.upqroo.edu.mx/SeccionAdministrativa/docs_Unis/Fotos/1613703147.jpeg','EDIFICIOS ACADÉMICOS',47,3),(327,'http://feriavirtual.upqroo.edu.mx/SeccionAdministrativa/docs_Unis/Fotos/1613704385.PNG','Salón de Ciencias Básicas ',11,3),(329,'http://feriavirtual.upqroo.edu.mx/SeccionAdministrativa/docs_Unis/Fotos/1613704413.jpg','Vida Universitaria 1',47,331),(331,'http://feriavirtual.upqroo.edu.mx/SeccionAdministrativa/docs_Unis/Fotos/1613704471.PNG','Sala de Cómputo ',11,3),(332,'http://feriavirtual.upqroo.edu.mx/SeccionAdministrativa/docs_Unis/Fotos/1613704492.jpg','Estudiantes',47,335),(333,'http://feriavirtual.upqroo.edu.mx/SeccionAdministrativa/docs_Unis/Fotos/1613704519.jpg','Aula Magna',47,3),(334,'http://feriavirtual.upqroo.edu.mx/SeccionAdministrativa/docs_Unis/Fotos/1613749784.jpeg','AULAS',43,3),(335,'http://feriavirtual.upqroo.edu.mx/SeccionAdministrativa/docs_Unis/Fotos/1613749798.jpeg','LABORATORIO DE COMPUTO',43,3),(336,'http://feriavirtual.upqroo.edu.mx/SeccionAdministrativa/docs_Unis/Fotos/1613749819.jpeg','AULAS INTERACTIVAS',43,3),(337,'http://feriavirtual.upqroo.edu.mx/SeccionAdministrativa/docs_Unis/Fotos/1613751907.jpg','La Universidad para la Cooperación Internacional México - UCIMEXICO, l',34,3),(339,'http://feriavirtual.upqroo.edu.mx/SeccionAdministrativa/docs_Unis/Fotos/1613752377.jpg','CAMPUS VIRTUAL',34,3),(340,'http://feriavirtual.upqroo.edu.mx/SeccionAdministrativa/docs_Unis/Fotos/1613752798.jpg','CONOCIENDO EMPRESAS',43,276),(341,'http://feriavirtual.upqroo.edu.mx/SeccionAdministrativa/docs_Unis/Fotos/1613752817.jpg','ENTREGAS DE PROYECTOS',43,277),(342,'http://feriavirtual.upqroo.edu.mx/SeccionAdministrativa/docs_Unis/Fotos/1613753608.JPG','FACHADA ',5,3),(343,'http://feriavirtual.upqroo.edu.mx/SeccionAdministrativa/docs_Unis/Fotos/1613753765.jpg','FACHADA DE CAMPUS',14,3),(344,'http://feriavirtual.upqroo.edu.mx/SeccionAdministrativa/docs_Unis/Fotos/1613753832.JPG','SALONES',14,3),(345,'http://feriavirtual.upqroo.edu.mx/SeccionAdministrativa/docs_Unis/Fotos/1613753944.png','DOCENTES Y ADMINISTRATIVOS',14,3),(347,'http://feriavirtual.upqroo.edu.mx/SeccionAdministrativa/docs_Unis/Fotos/1613759166.JPG','ESPARCIMIENTO',14,3),(348,'http://feriavirtual.upqroo.edu.mx/SeccionAdministrativa/docs_Unis/Fotos/1613759219.jpg','alumnos',33,3),(349,'http://feriavirtual.upqroo.edu.mx/SeccionAdministrativa/docs_Unis/Fotos/1613759262.JPG','PANORAMICA',14,3),(350,'http://feriavirtual.upqroo.edu.mx/SeccionAdministrativa/docs_Unis/Fotos/1613759290.jpg','alumnos',33,3),(351,'http://feriavirtual.upqroo.edu.mx/SeccionAdministrativa/docs_Unis/Fotos/1613761374.png','Fachada',28,3),(352,'http://feriavirtual.upqroo.edu.mx/SeccionAdministrativa/docs_Unis/Fotos/1613761400.png','Edificio',28,3),(353,'http://feriavirtual.upqroo.edu.mx/SeccionAdministrativa/docs_Unis/Fotos/1613761439.png','Salones',28,3),(354,'http://feriavirtual.upqroo.edu.mx/SeccionAdministrativa/docs_Unis/Fotos/1613761458.png','Biblioteca',28,3),(355,'http://feriavirtual.upqroo.edu.mx/SeccionAdministrativa/docs_Unis/Fotos/1613761510.png','Esparcimiento/cafeteria',28,3),(356,'http://feriavirtual.upqroo.edu.mx/SeccionAdministrativa/docs_Unis/Fotos/1613761610.png','Equipo Docente',28,151),(357,'http://feriavirtual.upqroo.edu.mx/SeccionAdministrativa/docs_Unis/Fotos/1613761662.png','Alberca',28,3),(358,'http://feriavirtual.upqroo.edu.mx/SeccionAdministrativa/docs_Unis/Fotos/1613761692.png','Canchas',28,3),(359,'http://feriavirtual.upqroo.edu.mx/SeccionAdministrativa/docs_Unis/Fotos/1613763661.JPEG','Alumnos ',48,341),(361,'http://feriavirtual.upqroo.edu.mx/SeccionAdministrativa/docs_Unis/Fotos/1613767405.pdf','CÁMARA DE GESELL',5,37),(362,'http://feriavirtual.upqroo.edu.mx/SeccionAdministrativa/docs_Unis/Fotos/1613767423.pdf','CENTRO DE CÓMPUTO',5,36),(363,'http://feriavirtual.upqroo.edu.mx/SeccionAdministrativa/docs_Unis/Fotos/1613767459.pdf','COCINA CALIENTE ',5,41),(366,'http://feriavirtual.upqroo.edu.mx/SeccionAdministrativa/docs_Unis/Fotos/1613767542.pdf','CONSULTORIO DE NUTRICIÓN',5,43),(367,'http://feriavirtual.upqroo.edu.mx/SeccionAdministrativa/docs_Unis/Fotos/1613769060.pdf','CUARTO DE ENOLOGÍA',5,41),(368,'http://feriavirtual.upqroo.edu.mx/SeccionAdministrativa/docs_Unis/Fotos/1613767999.pdf','TALLER DE DIBUJO',5,34),(369,'http://feriavirtual.upqroo.edu.mx/SeccionAdministrativa/docs_Unis/Fotos/1613768051.pdf','LABORATORIO DE CIENCIAS',5,37),(370,'http://feriavirtual.upqroo.edu.mx/SeccionAdministrativa/docs_Unis/Fotos/1613774627.jpg','LABORATORIOS',14,3),(371,'http://feriavirtual.upqroo.edu.mx/SeccionAdministrativa/docs_Unis/Fotos/1613774702.jpg',' LABORATORIOS',14,3),(372,'http://feriavirtual.upqroo.edu.mx/SeccionAdministrativa/docs_Unis/Fotos/1613774967.jpeg','Frente Universidad Ducens',18,3),(373,'http://feriavirtual.upqroo.edu.mx/SeccionAdministrativa/docs_Unis/Fotos/1613775034.jpeg','Oficinas Universidad Ducens',18,3),(375,'http://feriavirtual.upqroo.edu.mx/SeccionAdministrativa/docs_Unis/Fotos/1613775704.jpeg','CLASES DEL IPJ',22,385),(376,'http://feriavirtual.upqroo.edu.mx/SeccionAdministrativa/docs_Unis/Fotos/1613775937.jpeg','PRACTICAS DEL IPJ',22,385),(377,'http://feriavirtual.upqroo.edu.mx/SeccionAdministrativa/docs_Unis/Fotos/1613776583.jpeg','ALUMNOS IPJ',22,121),(378,'http://feriavirtual.upqroo.edu.mx/SeccionAdministrativa/docs_Unis/Fotos/1613776788.jpeg','GRADUACIONES DEL IPJ',22,121),(380,'http://feriavirtual.upqroo.edu.mx/SeccionAdministrativa/docs_Unis/Fotos/1613777367.jpeg','CLASES DEL IPJ',22,387),(381,'http://feriavirtual.upqroo.edu.mx/SeccionAdministrativa/docs_Unis/Fotos/1613777630.jpeg','PRACTICAS DEL IPJ',22,387),(382,'http://feriavirtual.upqroo.edu.mx/SeccionAdministrativa/docs_Unis/Fotos/1613777675.jpeg','ALUMNOS IPJ',22,122),(383,'http://feriavirtual.upqroo.edu.mx/SeccionAdministrativa/docs_Unis/Fotos/1613777722.jpeg','GRADUACIONES DEL IPJ',22,122),(384,'http://feriavirtual.upqroo.edu.mx/SeccionAdministrativa/docs_Unis/Fotos/1613778798.jpeg','Entrada al Campus',15,3),(385,'http://feriavirtual.upqroo.edu.mx/SeccionAdministrativa/docs_Unis/Fotos/1613778849.jpeg','Salones ',15,3),(386,'http://feriavirtual.upqroo.edu.mx/SeccionAdministrativa/docs_Unis/Fotos/1613778902.jpeg','Campus',15,3),(387,'http://feriavirtual.upqroo.edu.mx/SeccionAdministrativa/docs_Unis/Fotos/1613778929.jpeg','Auditorio',15,3),(388,'http://feriavirtual.upqroo.edu.mx/SeccionAdministrativa/docs_Unis/Fotos/1613778953.jpeg','Sala de Computo',15,3),(389,'http://feriavirtual.upqroo.edu.mx/SeccionAdministrativa/docs_Unis/Fotos/1613782112.PNG','ALBERCA',20,3),(390,'http://feriavirtual.upqroo.edu.mx/SeccionAdministrativa/docs_Unis/Fotos/1613782226.jpg','ÁREA DEPORTIVA',20,3),(391,'http://feriavirtual.upqroo.edu.mx/SeccionAdministrativa/docs_Unis/Fotos/1613782373.jpg','POLIFORUM ',20,3),(392,'http://feriavirtual.upqroo.edu.mx/SeccionAdministrativa/docs_Unis/Fotos/1613782391.jpg','POLIFORUM',20,3),(393,'http://feriavirtual.upqroo.edu.mx/SeccionAdministrativa/docs_Unis/Fotos/1613782415.jpg','EDIFICIO AQUA',20,3),(394,'http://feriavirtual.upqroo.edu.mx/SeccionAdministrativa/docs_Unis/Fotos/1613782435.jpg','CROQUIS UO',20,3),(395,'http://feriavirtual.upqroo.edu.mx/SeccionAdministrativa/docs_Unis/Fotos/1613782470.jpg','EDIFICIO CORAL',20,3),(396,'http://feriavirtual.upqroo.edu.mx/SeccionAdministrativa/docs_Unis/Fotos/1613782525.jpg','EDIFICIO TURQUESA',20,3),(397,'http://feriavirtual.upqroo.edu.mx/SeccionAdministrativa/docs_Unis/Fotos/1613836625.jpg','Actividades Culturales',41,3),(398,'http://feriavirtual.upqroo.edu.mx/SeccionAdministrativa/docs_Unis/Fotos/1613836714.jpg','Actividades Deportivas',41,3),(399,'http://feriavirtual.upqroo.edu.mx/SeccionAdministrativa/docs_Unis/Fotos/1613836734.jpg','Aulas de la UTRM',41,3),(400,'http://feriavirtual.upqroo.edu.mx/SeccionAdministrativa/docs_Unis/Fotos/1613836764.jpg','Campus UTRM_',41,3),(401,'http://feriavirtual.upqroo.edu.mx/SeccionAdministrativa/docs_Unis/Fotos/1613836928.jpg','Laboratorio de Cómputo',41,3),(402,'http://feriavirtual.upqroo.edu.mx/SeccionAdministrativa/docs_Unis/Fotos/1613842787.jpg','Entrada al campus',38,3),(403,'http://feriavirtual.upqroo.edu.mx/SeccionAdministrativa/docs_Unis/Fotos/1613842809.jpg','Instituto Superior de Estudios Creativos',38,3),(404,'http://feriavirtual.upqroo.edu.mx/SeccionAdministrativa/docs_Unis/Fotos/1613842834.jpg','Areas de esparcimiento',38,3),(405,'http://feriavirtual.upqroo.edu.mx/SeccionAdministrativa/docs_Unis/Fotos/1613844969.jpg','Alumnos',38,238),(406,'http://feriavirtual.upqroo.edu.mx/SeccionAdministrativa/docs_Unis/Fotos/1613845003.jpg','Semana del diseñador',38,237),(407,'http://feriavirtual.upqroo.edu.mx/SeccionAdministrativa/docs_Unis/Fotos/1613845029.jpg','Aulas',38,3);
/*!40000 ALTER TABLE `foto` ENABLE KEYS */;
UNLOCK TABLES;

--
-- Table structure for table `municipio`
--

DROP TABLE IF EXISTS `municipio`;
/*!40101 SET @saved_cs_client     = @@character_set_client */;
/*!40101 SET character_set_client = utf8 */;
CREATE TABLE `municipio` (
  `ID` int(10) unsigned NOT NULL AUTO_INCREMENT,
  `Nombre` varchar(50) NOT NULL,
  `Ruta_Escudo` varchar(45) NOT NULL,
  `Estado_ID` int(10) unsigned NOT NULL,
  PRIMARY KEY (`ID`),
  KEY `fk_Municipio_Estado1_idx` (`Estado_ID`),
  CONSTRAINT `fk_Municipio_Estado1` FOREIGN KEY (`Estado_ID`) REFERENCES `estado` (`ID`)
) ENGINE=InnoDB AUTO_INCREMENT=12 DEFAULT CHARSET=utf8mb4;
/*!40101 SET character_set_client = @saved_cs_client */;

--
-- Dumping data for table `municipio`
--

LOCK TABLES `municipio` WRITE;
/*!40000 ALTER TABLE `municipio` DISABLE KEYS */;
INSERT INTO `municipio` VALUES (1,'Cozumel','img_municipios/cozumel.png',1),(2,'Felipe Carrillo Puerto','img_municipios/fcpuerto.png',1),(3,'Isla Mujeres','img_municipios/imujeres.png',1),(4,'Oth&oacute;n P. Blanco','img_municipios/opblanco.png',1),(5,'Benito Ju&aacute;rez','img_municipios/bjuarez.png',1),(6,'Jos&eacute; Mar&iacute;a Morelos','img_municipios/jmmorelos.png',1),(7,'L&aacute;zaro C&aacute;rdenas','img_municipios/LAZARO_CARDENAS.png',1),(8,'Solidaridad','img_municipios/solidaridad.png',1),(9,'Tulum','img_municipios/TULUM.png',1),(10,'Bacalar','img_municipios/bacalar.png',1),(11,'Puerto Morelos','img_municipios/PUERTO_MORELOS.png',1);
/*!40000 ALTER TABLE `municipio` ENABLE KEYS */;
UNLOCK TABLES;

--
-- Table structure for table `nivel_educativo`
--

DROP TABLE IF EXISTS `nivel_educativo`;
/*!40101 SET @saved_cs_client     = @@character_set_client */;
/*!40101 SET character_set_client = utf8 */;
CREATE TABLE `nivel_educativo` (
  `ID` int(10) unsigned NOT NULL AUTO_INCREMENT,
  `Nombre` varchar(45) NOT NULL,
  PRIMARY KEY (`ID`)
) ENGINE=InnoDB AUTO_INCREMENT=7 DEFAULT CHARSET=utf8mb4;
/*!40101 SET character_set_client = @saved_cs_client */;

--
-- Dumping data for table `nivel_educativo`
--

LOCK TABLES `nivel_educativo` WRITE;
/*!40000 ALTER TABLE `nivel_educativo` DISABLE KEYS */;
INSERT INTO `nivel_educativo` VALUES (1,'T&eacute;cnico Superior Universitario (TSU)'),(2,'Licenciatura'),(3,'Especialidad'),(4,'Maestr&iacute;a'),(5,'Doctorado'),(6,'Diplomado');
/*!40000 ALTER TABLE `nivel_educativo` ENABLE KEYS */;
UNLOCK TABLES;

--
-- Table structure for table `red_social`
--

DROP TABLE IF EXISTS `red_social`;
/*!40101 SET @saved_cs_client     = @@character_set_client */;
/*!40101 SET character_set_client = utf8 */;
CREATE TABLE `red_social` (
  `ID` int(10) unsigned NOT NULL AUTO_INCREMENT,
  `Nombre` varchar(100) NOT NULL,
  PRIMARY KEY (`ID`)
) ENGINE=InnoDB AUTO_INCREMENT=6 DEFAULT CHARSET=utf8mb4;
/*!40101 SET character_set_client = @saved_cs_client */;

--
-- Dumping data for table `red_social`
--

LOCK TABLES `red_social` WRITE;
/*!40000 ALTER TABLE `red_social` DISABLE KEYS */;
INSERT INTO `red_social` VALUES (1,'Facebook'),(2,'WhatsApp'),(3,'Instagram'),(4,'Twitter'),(5,'Pagina Web');
/*!40000 ALTER TABLE `red_social` ENABLE KEYS */;
UNLOCK TABLES;

--
-- Table structure for table `registrado`
--

DROP TABLE IF EXISTS `registrado`;
/*!40101 SET @saved_cs_client     = @@character_set_client */;
/*!40101 SET character_set_client = utf8 */;
CREATE TABLE `registrado` (
  `ID` int(10) unsigned NOT NULL AUTO_INCREMENT,
  `Nombre` varchar(80) NOT NULL,
  `Apellido_P` varchar(45) NOT NULL,
  `Apellido_M` varchar(45) NOT NULL,
  `Correo_Electronico` varchar(100) DEFAULT NULL,
  `Telefono` varchar(45) DEFAULT NULL,
  `Motivo` int(10) unsigned NOT NULL COMMENT '0: Egresado o Estudiando Bachillerato\n1: Padre o Tutor\n2:Trabajando y Quiere Estudiar',
  `Escuela` varchar(100) NOT NULL,
  `Area_ID` int(10) unsigned NOT NULL,
  PRIMARY KEY (`ID`),
  KEY `fk_Registrado_Area1_idx` (`Area_ID`),
  CONSTRAINT `fk_Registrado_Area1` FOREIGN KEY (`Area_ID`) REFERENCES `area` (`ID`)
) ENGINE=InnoDB AUTO_INCREMENT=38 DEFAULT CHARSET=utf8mb4;
/*!40101 SET character_set_client = @saved_cs_client */;

--
-- Dumping data for table `registrado`
--

LOCK TABLES `registrado` WRITE;
/*!40000 ALTER TABLE `registrado` DISABLE KEYS */;
INSERT INTO `registrado` VALUES (1,'kevin','garci','ramirez','mr.kegara@gmail.com','9982998613',0,'cbtis111',4),(2,'kevin','garcia','ramirez','mr.kegara@gmail.com','1234567890',0,'cbtis111',1),(3,'x','x','x','x@prueba','23232323',0,'cncunu',1),(4,'Alexis Rafael','Aparicio','Hernández','rexwolf96@gmail.com','9989377067',0,'Bachilleres Plantel Cancún Cuatro',4),(5,'Kevin','Garcia','Ramirez','Mail','S',1,'Cbtis111',1),(6,'kevin','xd','ramirez','mr.kegara@gmail.com','xd',0,'cbtis111',1),(7,'sdf','asdf','asf','asf','saf',0,'sdf',1),(8,'Kevin','Garcia','Ramirez','dark.star.plrd@gmail.com','9982998613',0,'cbtis111',4),(9,'Israel','Morales','Garcia','Israflakes@gmail.com','9982998613',2,'Cbits 132',4),(10,'WER','Pérez','martpinez','ut_tareas@live.com.mx','998456864',1,'prueba',7),(11,'Alan','Equiren','Guerrero','Equiren@gmail.com','2299835',2,'Conalep',4),(12,'Jorge luis','d','ds','prueba@hotmail.com','45346',2,'UPQROO',3),(13,'Cristian','Robledo','Campos','xrcampos@gmail.com','8717985624',2,'conalep 1',10),(14,'Rafael David','Figueroa','Moreno','rafael.figueroa@unid.mx','5576594772',2,'UNID campus playa del carmen',10),(15,'Alan','Equiren','Guerrero','Equiren@gmail.com','2299835',0,'Cbtis111',4),(16,'Natanael ','Avila','Aguillón','nata_aguillon@hotmail.com','9831620918',0,'Universidad Pedagógica Nacional Unidad 231 Chetumal',1),(17,'DENIS','DOMINGUEZ','GARCÍA','denissegrcia98@gmail.com','9981506612',2,'Bachilleres Ciudad Mujeres',10),(18,'Oscar Raziel','Chagolla','Aguilar','ochago80@hotmail.com','9831174059',1,'CONALEP',2),(19,'RRETTH','Pérez','martpinez','prueba@hotmail.com','998456864',1,'prueba',9),(20,'ghjkghjklfghj','dfghsdfg','asdfghjsdf','asdfghjsdfg@sdfgh.njik','12345678',0,'asdfghjkl',1),(21,'asdasdada','asdasdasd','asdasdasdas','asdasdasdas@adasasd.com','87878978',0,'awedaqwewde',5),(22,'Brandon','Davila','Arrieta','nano9813@hotmail.com','+17206878617',2,'Escuela tecnica',3),(23,'oscar','parrao','rivero','OSCAR.PARRAO@UIMQROO.EDU.MX','9831406602',1,'visita',10),(24,'df','dgdg','dgdg','nosrivw@hotmail.com','687978979',2,'no se',9),(25,'Paulo','Romero','Dominguez','dark.star.plrd@gmail.com','9988446832',0,'Bachilleres plantel 2',4),(26,'CHRISTIAN WILSON','hghjghj','jhgjhghj','ggfdytfhg','994452',1,'fgxfdfg',2),(27,'GIGLIOLA','ROSADO','SANCHEZ','superior.quintana.roo@gmail.com','9838350770',1,'cbtis 253',1),(28,'kevin','garcia','ramirez','ut_tareas@live.com.mx','1234567890',0,'cbtis111',1),(29,'Katia del Carmen ','Oliva ','Palma','katiaolivapalma@gmail.com','983157350',1,'Bachilleres 1 ',10),(30,'Hiram','Ordoñez','ff','201900075@estudiantes.upqroo.edu.mx','23455y654335634fbghgnhnhnghngh34r3',2,'fgnntntnthn',4),(31,'DENIS','DOMINGUEZ','GARCÍA','denissegrcia98@gmail.com','9981506612',2,'Bachilleres Ciudad Mujeres',1),(32,'Clarisa del Rocio','Pacheco','Díaz','clar.pacheco13@gmail.com','9971335678',0,'Colegio de Bachilleres Plantel Playa del Carmen',1),(33,'Pavel','Vera','Jiménez','fvera3774@gmail.com','9983170054',0,'Colegio Kukulcan Cancún',9),(34,'Brenda Beatríz ','May','Balam','BrendaMay200210@gmail.com','9984062986',0,'Colegio de Bachilleres Plantel Puerto Morelos',10),(35,'José Benjamín ','Benítez ','Cruz','josebcruz15@gmail.com','9983352731',0,'Colegio de Bachilleres Plantel Cancún 4',2),(36,'invitado','feria ','2021','n','1234567890',3,'CBTIS',1),(37,'Eric ','Rochés ','Olivares ','eric.roches81@gmail.com ','9981685368',1,'Colegio kukulcan Cancun ',9);
/*!40000 ALTER TABLE `registrado` ENABLE KEYS */;
UNLOCK TABLES;

--
-- Table structure for table `seccion`
--

DROP TABLE IF EXISTS `seccion`;
/*!40101 SET @saved_cs_client     = @@character_set_client */;
/*!40101 SET character_set_client = utf8 */;
CREATE TABLE `seccion` (
  `ID` int(10) unsigned NOT NULL AUTO_INCREMENT,
  `Nombre` varchar(100) NOT NULL,
  PRIMARY KEY (`ID`)
) ENGINE=InnoDB AUTO_INCREMENT=488 DEFAULT CHARSET=utf8mb4;
/*!40101 SET character_set_client = @saved_cs_client */;

--
-- Dumping data for table `seccion`
--

LOCK TABLES `seccion` WRITE;
/*!40000 ALTER TABLE `seccion` DISABLE KEYS */;
INSERT INTO `seccion` VALUES (1,'Video de Bienvenida'),(2,'Conferencia'),(3,'Instalaciones'),(4,'Arquitectura'),(5,'Biotecnología'),(6,'Derecho'),(7,'Relaciones Internacionales'),(8,'Diseño Gráfico'),(9,'Diseño Industrial'),(10,'Diseño Multimedia'),(11,'Terapia Física y Rehabilitación'),(12,'Ingeniería Ambiental'),(13,'Ingeniería Civil'),(14,'Ingeniería Industrial para la Dirección'),(15,'Administración área Capital Humano'),(16,'Contaduría'),(17,'Desarrollo de Negocios área Mercadotecnia'),(18,'Gastronomía'),(19,'Mantenimiento área Instalaciones'),(20,'Tecnologías de la Información área Desarrollo de Software Multiplataforma'),(21,'Tecnologías de la Información área Infraestructura de Redes Digitales'),(22,'Turismo área Hotelería'),(23,'Turismo área Desarrollo de Productos Alternativos'),(24,'LICENCIATURA EN ADMINISTRACIÓN'),(25,'MAESTRÍA EN DERECHO ENERGÉTICO Y AMBIENTAL'),(26,'MAESTRÍA EN DESARROLLO EN COMPETENCIAS DOCENTE'),(27,'MAESTRÍA EN DOGMÁTICA PENAL Y SISTEMA ACUSATORIO'),(28,'MAESTRÍA EN PSICOLOGÍA JURÍDICA Y CRIMINOLOGÍA'),(29,'LICENCIATURA EN CRIMINOLOGÍA Y CRIMINALÍSTICA'),(32,'Especialidad en Amparo'),(33,'Maestría en Amparo'),(34,'ARQUITECTURA'),(35,'CIENCIAS DE LA EDUCACIÓN'),(36,'CONTADURÍA'),(37,'CRIMINOLOGÍA ESCOLAR'),(38,'CRIMINOLOGÍA MIXTO'),(39,'DERECHO ESCOLAR'),(40,'DERECHO MIXTO'),(41,'GASTRONOMÍA ESCOLAR'),(42,'GASTRONOMÍA MIXTO'),(43,'NUTRICIÓN ESCOLAR'),(44,'NUTRICIÓN MIXTA'),(45,'Mantenimiento área Naval'),(46,'carr1'),(49,'MAESTRÍA EN ECOTECNOLOGÍAS E INNOVACIÓN SOSTENIBLE'),(50,'MAESTRÍA EN INNOVACIÓN Y SUSTENTABILIDAD TURÍSTICA'),(51,'MAESTRÍA EN ECOEMPRENDURISMO'),(52,'MAESTRÍA EN EDUCACIÓN'),(53,'MAESTRÍA EN GESTIÓN INTERCULTURAL'),(54,'MAESTRÍA EN NEUROLIDERAZGO Y COACHING COGNITIVO'),(56,'Administración y Desarrollo de Negocios'),(57,'Administración y Desarrollo Turistico'),(58,'Arquitectura'),(59,'Contaduría'),(60,'Derecho'),(61,'Diseño Grafico y Animación Digital'),(62,'Ingeniería en Instalaciones Hoteleras y Turisticas'),(63,'Nutrición'),(64,'Psicología'),(65,'Ingenieria biomedica'),(66,'carrera anonima'),(67,'carrera anonima 2'),(68,'carrera anonima 3'),(69,'CONTADURÍA'),(70,'DERECHO '),(71,'GASTRONOMÍA'),(72,'PSICOPEDAGOGÍA'),(73,'TURISMO'),(74,'NUTRICIÓN'),(75,'Administración de empresas'),(76,'Administraciòn Empresarial'),(77,'Contabilidad y Finanzas'),(78,'Derecho'),(79,'Derecho y Ciencias Juridicas'),(80,'Diseño Gráfico Digital'),(81,'Educaciòn'),(82,'Educación física, recreación y deporte'),(83,'Ingenieria en Software y sistemas computacionales'),(84,'Psicologia Organizacional'),(85,'Administraciòn de Negocios'),(86,'Educaciòn'),(87,'Licenciatura en Enseñanza y Aprendizaje de la Historia.'),(88,'Licenciatura en Enseñanza y Aprendizaje de la Telesecundaria.'),(89,'Derecho'),(90,'Diseño, Arte y Animación Digital'),(91,'Gestión de Empresas'),(92,'Administración Aduanera'),(95,'MAESTRÍA EN ORDENAMIENTO TERRITORIAL'),(96,'MAESTRÍA EN SEGURIDAD Y SALUD EN EL TRABAJO'),(97,'MAESTRÍA EN GESTIÓN INTEGRAL DEL RIESGO'),(98,'MAESTRIA EN SEGURIDAD INFORMÁTICA'),(99,'MAESTRÍA EN TECNOPEDAGOGÍA Y EDUCACIÓN VIRTUAL'),(100,'ESPECIALIDAD EN HISTORIA Y ARQUEOLOGÍA MAYA'),(101,'ESPECIALIDAD EN FORMULACIÓN Y EVALUACIÓN DE PROYECTOS'),(102,'Licenciatura en Enfermería'),(103,'ADMINISTRACIÓN'),(104,'ADMINISTRACIÓN  DE NEGOCIOS DE LA HOSPITALIDAD'),(105,'ADMINISTRACIÓN PÚBLICA Y CIENCIAS POLÍTICAS'),(106,'ARQUITECTURA'),(107,'COMERCIO INTERNACIONAL'),(108,'COMUNICACIÓN'),(109,'CONTADURÍA PÚBLICA'),(110,'DERECHO'),(111,'DISEÑO GRÁFICO Y DIGITAL'),(112,'ENFERMERÍA'),(113,'FISIOTERAPIA'),(114,'GASTRONOMÍA'),(115,'LENGUAS EXTRANJERAS'),(116,'MERCADOTECNIA Y DISEÑO PUBLICITARIO'),(117,'NUTRICIÓN Y DIETÉTICA'),(118,'PSICOLOGÍA'),(119,'SISTEMAS COMPUTACIONALES'),(120,'Licenciatura en Gastronomía'),(121,'1'),(122,'2'),(123,'Arquitectura'),(124,'Ingeniería Civil'),(125,'Licenciatura en Biología'),(126,'Licenciatura en Administración'),(127,'Ingeniería en Administración'),(128,'Ingeniería en Gestión Empresarial'),(129,'Ingeniería Eléctrica'),(130,'Ingeniería en Sistemas Computacionales'),(131,'Ingeniería en Tecnologías de la Información y Comunicaciones'),(132,'Contador Público'),(133,'Maestría en Construcción'),(134,'Maestría en Manejo de Zona Costera'),(135,'Maestría en Urbanismo'),(136,'Doctorado en Ciencias Ambientales'),(138,'Licenciatura en Turismo'),(139,'LICENCIATURA EN DERECHO'),(140,'LICENCIATURA EN ADMINISTRACIÓN Y DIRECCIÓN'),(141,'LICENCIATURA EN INGENIERIA EN SISTEMAS COMPUTACIONALES'),(145,'LICENCIATURA EN DERECHO '),(146,'LICENCIATURA EN CONTADURÍA PÚBLICA '),(147,'MERCADOTECNIA'),(148,'CONTABILIDAD Y FINANZAS'),(149,'ADMINISTRACIÒN'),(150,'DERECHO'),(151,'RELACIONES PUBLICAS, TURISTICAS E IDIOMAS'),(152,'PSICOLOGÍA '),(153,'PEDAGOGÍA '),(154,'DERECHO'),(155,'CIENCIAS DE LA EDUCACIÓN'),(156,'CONTADURIA PUBLICA Y FINANZAS'),(157,'PSICOLOGIA ORGANIZACIONAL'),(158,'ADMINISTRACION DE EMPRESAS '),(159,'MARKETING DIGITAL Y REDES SOCIALES'),(160,'MAESTRIA EN EDUCACION E INNOVACIÓN EDUCATIVA'),(161,'ENFERMERÍA'),(162,'CRIMINOLOGÍA Y CRIMINALÍSTICA'),(163,'GASTRONOMÍA'),(164,'TURISMO'),(165,'FINANZAS Y CONTADURÍA PÚLICA'),(166,'CIENCIAS POLÍTICAS'),(167,'ADMINISTRACIÓN DE EMPRESAS'),(168,'IDIOMA INGLÉS'),(169,'DERECHO'),(170,'PSICOPEDAGOGÍA'),(171,'MERCADOTECNIA'),(172,'Pruebas'),(173,'INGENIERA AMBIENTAL'),(174,'SISTEMAS DE ENERGÍA'),(175,'REDES'),(176,'RECURSOS NATURALES'),(177,'MEDICINA'),(178,'ENFERMERÍA'),(179,'FARMACIA'),(180,'ANTROPOLOGÍA SOCIAL'),(181,'DERECHO'),(182,'ECONOMÍA Y FINANZAS'),(183,'MERCADOCTENIA Y NEGOCIOS'),(184,'GESTIÓN DEL TURISMO ALTERNATIVO'),(185,'HUMANIDADES'),(186,'RELACIONES INTERNACIONALES'),(187,'GOBIERNO Y GESTIÓN PÚBLICA'),(188,'LENGUA INGLESA'),(189,'INGENIERÍA EMPRESARIAL'),(190,'ADMINISTRACIÓN HOTELERA'),(191,'GESTIÓN DE SERVICIOS TURÍSTICOS'),(192,'SEGURIDAD PÚBLICA'),(193,'Administración de Empresas Sustentables'),(194,'Administración de Proyectos'),(195,'Educación con Énfasis en Docencia'),(196,'Gerencia de Programas Sanitarios en Inocuidad de Alimentos'),(197,'Criminología'),(198,'Gestión de Áreas Protegidas y Desarrollo Ecoregional'),(199,'Liderazgo y Gerencia Ambiental'),(200,'Legislación Ambiental'),(201,'Ciencias Jurídicas'),(202,'Ciencias Jurídicas'),(203,'Ciencias Económicas y Administrativas'),(204,'Educación Preescolar'),(205,'Psicología'),(206,'Psicopedagogía'),(207,'Administración'),(208,'Administración de Empresas Turísticas'),(209,'Mercadotecnia'),(210,'Derecho'),(211,'Ciencias de la Educación'),(212,'Administración Hotelera y Negocios Turísticos'),(213,'Administración De Empresas'),(214,'Administración De Empresas'),(215,'Administración De Empresas Turísticas'),(216,'Administración De Empresas Turísticas'),(217,'Ciencias De La Educación Con Terminal En Psicología'),(218,'Contaduría Pública'),(219,'Contaduría Pública'),(220,' Derecho '),(221,'Derecho '),(222,'Gastronomía '),(223,'Mercadotecnia '),(224,'Mercadotecnia '),(225,'Psicología'),(226,'Psicología'),(227,'Administración'),(228,'Ciencias De La Educación Con Formación En Docencia E Investigación '),(229,'Gastronomia'),(230,'Desarrollo de Negocios Área Mercadotecnica'),(231,'Mecatrónica Área Sistemas de Manufactura Flexibe'),(232,'Tecnologías de información Área Desarrollo de Software Multiplataforma'),(233,'Gastronomía'),(234,'Mecatrónica'),(235,'Innovación de Negocios y Mercadotécnia'),(236,'Tecnologías de la Información y Comunicación '),(237,'Diseño de Moda'),(238,'Arquitectura y Diseño de Interiores'),(239,'Administración de Empresas'),(240,'Contaduría Pública'),(241,'Relaciones Internacionales'),(242,'Derecho'),(243,'Ingeniería en Sistemas Computacionales'),(244,'Trabajo Social'),(245,'Diseño Gráfico'),(246,'Ciencias de la Comunicación'),(247,'Odontología'),(248,'Arquitectura'),(249,'Psicología Organizacional'),(250,'Comercio Exterior y Aduanas'),(251,'Pedagogía'),(252,'Varias'),(253,'Gestión y Desarrollo Turístico'),(254,'Gastronomía'),(255,'Mantenimiento Industrial'),(256,'Ing. Desarrollo y Gestión de Software'),(257,'Gestión del Capital Humano'),(258,'Ing. Entornos Virtuales y Negocios Digitales'),(259,'Contaduría'),(260,' LENGUA Y CULTURA'),(261,'INGENIERÍA EN SISTEMAS DE PRODUCCIÓN AGROECOLÓGICOS'),(262,'TURISMO ALTERNATIVO'),(263,'GESTIÓN MUNICIPAL'),(264,'SALUD COMUNITARIA'),(265,'INGENIERÍA EN DESARROLLO EMPRESARIAL'),(266,'GESTIÓN Y DESARROLLO DE LAS ARTE'),(267,'INGENIERÍA EN TECNOLOGÍAS DE INFORMACIÓN Y COMUNICACIÓN'),(275,'INGENIERÍA EN TECNOLOGÍAS DE INFORMACIÓN Y COMUNICACIÓN'),(276,'Administración de Empresas'),(277,'Arquitectura'),(278,'Comercio Exterior y Aduanas'),(279,'Contaduría Pública'),(280,'Derecho'),(281,'Ingeniería en Sistemas Computacionales'),(282,'Inglés'),(283,'Pedagogía'),(284,'Psicología Clínica'),(285,'Psicología Organizacional'),(286,'Relaciones Internacionales'),(287,'Trabajo Social'),(288,'Administración y Desarrollo Empresarial'),(289,'Administración y Mercadotecnia'),(290,'Cirujano Dentista'),(291,'Comunicación'),(292,'Cultura Física y Entrenamiento Deportivo'),(293,'Derecho'),(294,'Diseño Interactivo'),(295,'Diseño de Moda'),(296,'Fisioterapia y Rehabilitación'),(297,'Gestión de Negocios'),(298,'Nutrición'),(299,'Psicología'),(300,'Derecho Penal y Amparo'),(301,'Dirección Global de Negocios'),(302,'Licenciatura en Relaciones Comerciales'),(303,'Licenciatura en Negocios Internacionales'),(304,'Licenciatura en Contaduría y Finanzas Públicas'),(305,'Licenciatura en Comercio Internacional'),(306,'Licenciatura en Biblioteconomía'),(307,'Licenciatura en Archivonomía'),(308,'Licenciatura en Administración y Desarrollo Empresarial'),(309,'Contador Público'),(310,'Licenciatura en artes escénicas'),(311,'Licenciatura en producción y gestión cultural'),(312,'Licenciatura en música popular contemporánea'),(316,'DERECHO'),(317,'MERCADOTECNIA'),(318,'ARQUITECTURA'),(319,'INGENIERÍA CIVIL'),(320,'PEDAGOGÍA'),(321,'ENFERMERÍA'),(322,'NUTRICIÓN Y GASTRONOMÍA'),(323,'CONTADURÍA Y FINANZAS'),(324,'ADMINISTRACIÓN'),(325,'PSICOLOGÍA'),(326,'CIENCIAS DE LA COMUNICACIÓN'),(327,'DISEÑO GRÁFICO Y DIGITAL '),(328,'IDIOMAS Y RELACIONES PÚBLICAS'),(329,'ADMINISTRACIÓN DE EMPRESAS TURÍSTICAS'),(330,'Licenciatura en Administración'),(331,'Contador Público'),(332,'Ingeniería en Administración'),(333,'Ingeniería en Gestión Empresarial'),(334,'Ingeniería en Electromecánica'),(335,'Ingeniería en Mecatrónica'),(336,'Ingeniería Civil'),(337,'Maestría en Administración en Negocios'),(338,'Maestría en Ciencias Ambientales'),(339,'Doctorado en Ciencias Ambientales'),(340,'Ingeniería en Sistemas Computacionales'),(341,'Licenciatura en Enfermeria '),(342,'Licenciatura en Ciencias y Técnicas de la Comunicación'),(343,'Licenciatura en Derecho y Ciencias Jurídicas'),(344,'Licenciatura en Diseño Gráfico Digital'),(345,'Licenciatura en Gastronomía'),(346,'Licenciatura en Ingeniería en Tecnologías de Información y Computación'),(347,'Licenciatura en Mercadotecnia Estratégica'),(348,'Licenciatura en Comercio y Negocios Internacionales '),(349,'Licenciatura en Administración de Empresas'),(350,'Licenciatura en Contabilidad Financiera'),(351,'Licenciatura en Derecho'),(352,'Licenciatura en Educación y Tecnologías para el Aprendizaje'),(353,'Licenciatura en Mercadotecnia'),(354,'Licenciatura en derecho '),(355,'Licenciatura en Política, gobierno y gestión publica '),(356,'Ingeniería en Gestión Empresarial, Modalidad a Distancia'),(357,'Ingeniería en Administración, Modalidad Mixta'),(358,'Contador Público, Modalidad Mixta'),(359,'Licenciatura en Gastronomía'),(360,'Licenciatura en Turismo Sustentable y Gestión Hotelera'),(361,'Licenciatura en Turismo Alternativo y Gestión del Patrimonio'),(362,'Licenciatura en Negocios Internacionales'),(363,'Licenciatura en Innovación Empresarial'),(365,'Ingeniería Industrial'),(366,'Ingeniería en Logística y Cadena de Suministros'),(367,'Ingeniería en Datos e Inteligencia Organizacional'),(368,'Diplomado Nutrición Clínica'),(369,'Diplomado en Orientación y consejo psicológico'),(370,'Ingeniería Ambiental'),(371,'Psicología Clínica'),(372,'Administración de Empresas Turísticas'),(373,'Administración Empresarial'),(374,'Ciencias y Técnicas de la Comunicación'),(375,'Contabilidad y Finanzas'),(376,'Derecho y Ciencias Jurídicas'),(377,'Diseño Gráfico Digital'),(378,'Educación Física Recreación y Deporte'),(379,'Gastronomía'),(380,'Ingeniería en Sofware y Sistemas Computacionales'),(381,'Mercadotecnia Estratégica'),(382,'Pedagogía'),(383,'Psicología Organizacional'),(384,'Psicología'),(385,'LICENCIATURA EN CRIMINOLOGÍA Y CRIMINALÍSTICA'),(387,'LICENCIATURA EN DERECHO'),(388,'LICENCIATURA EN URGENCIAS MÉDICAS PREHOSPITALARIAS'),(389,'Psicología Organizacional '),(390,'Pedagogía'),(391,'Negocios Internacionales '),(392,'Mercadotecnia Estrategica'),(393,'Ingenieria Industrial y Calidad'),(394,'Ingeniería en Software y Sistemas Computacionales'),(395,'Educacion Fisica Recreación y Deportes'),(396,'Diseño Gráfico Digital'),(397,'Derecho y Ciencias Juridicas'),(398,'Contabilidad Financiera'),(399,'Comunicación'),(400,'Administración Turística'),(401,'Administración empresarial'),(402,'Educación'),(403,'Mercadotecnia y Medios Digitales'),(404,'Administración de Negocios'),(405,'Jucios Orales '),(406,'Tecnologia de la información y la comunicación'),(410,'UIMQRoo Carreras'),(411,'LICENCIATURA EN DERECHO'),(412,'LICENCIATURA EN ADMINISTRACION DE EMPRESAS'),(413,'LICENCIATURA EN CONTADURIA PUBLICA'),(414,'LICENCIATURA EN TRABAJO SOCIAL'),(415,'INGENIERIA EN MECANICA AUTOMOTRIZ'),(416,'LICENCIATURA EN ENFERMERIA'),(417,'EDUCACIÓN (SISTEMA ESCOLARIZADO)'),(425,'Ing. Agronomía'),(426,'Ing. Forestal'),(427,'Ing. Gestión Empresarial'),(428,'Ing. Informática'),(429,'Maestría en Ciencias en Agroecosistemas Sostenibles'),(431,'Administración de Empresas Turísticas'),(432,'Licenciatura en Derecho'),(433,'Mercadotecnia'),(439,'Terapia Física'),(440,'Nutrición'),(441,'Software'),(442,'Animación y efectos visuales'),(443,'Administración de empresas turísticas'),(444,'Lic. en Psicología Educativa '),(445,'Licenciatura en Intervención Educativa'),(446,'Prueba 2'),(447,'Lic. en Diseño y Mercadotecnia de la Moda'),(448,'Lic. en Diseño de Imagen y Relaciones Públicas'),(449,'Lic. en Diseño Gráfico Digital y Multimedia'),(450,'Arquitectura de Interiores'),(451,'Lic. en Diseño y Organización de eventos'),(452,'EDUCACIÓN (SISTEMA MIXTO)'),(453,'DERECHO (SISTEMA ESCOLARIZADO)'),(454,'DERECHO (SISTEMA MIXTO)'),(455,'GESTIÓN EMPRESARIAL (SISTEMA ESCOLARIZADO)'),(456,'GESTIÓN EMPRESARIAL (SISTEMA MIXTO)'),(457,'PSICOLOGÍA EDUCATIVA INFANTIL (SISTEMA ESCOLARIZADO)'),(458,'PSICOLOGÍA EDUCATIVA INFANTIL (SISTEMA MIXTO)'),(459,'PSCOLOGÍA CRIMINOLÓGICA (SISTEMA ESCOLARIZADO)'),(460,'Convocatoria'),(461,'PSCOLOGÍA CRIMINOLÓGICA (SISTEMA MIXTO)'),(462,'PSCOLOGÍA CLÍNICA (SISTEMA ESCOLARIZADO)'),(463,'PSCOLOGÍA CLÍNICA (SISTEMA MIXTO)'),(464,'Diptico'),(466,' EDUCACIÓN PRIMARIA'),(467,'Prueba'),(468,'Ingeniería en Administración'),(469,'Ingeniería en Gestión Empresarial'),(470,'Ingeniería en Sistemas Computacionales'),(471,'Ingeniería Industrial'),(472,'Ingeniería en Industrias Alimentarias'),(473,'Ingeniería en Desarrollo Comunitario'),(474,'DISEÑO DE INTERIORES (SISTEMA MIXTO)'),(475,'CRIMINALÍSTICA, CRIMINOLOGÍA Y POLITICA CRIMINAL (SISTEMA MIXTO)'),(476,'DISEÑO GRÁFICO Y MARKETING PUBLICITARIO (SISTEMA MIXTO)'),(477,'EDUCACIÓN Y NEUROCIENCIAS (SISTEMA MIXTO)'),(478,'CRIMINOLOGÍA Y CIENCAS FORENSES (SISTEMA MIXTO)'),(479,'PSCOLOGÍA DEL DESARROLLO HUMANO (SISTEMA MIXTO)'),(480,'DIRECCIÓN ADMINISTRATIVA Y DESARROLLO DE POTENCIAL HUMANO (SISTEMA MIXTO)'),(481,'NEUROCIANCIAS EDUCATIVAS (SISTEMA MIXTO)'),(482,' Educación '),(483,' Educación '),(484,'LICENCIATURA EN ADMINISTRACIÓN DE EMPRESAS TURÍSTICAS '),(485,'LICENCIATURA EN ADMINISTRACIÓN DE EMPRESAS '),(486,'LICENCIATURA EN MERCADOTECNIA'),(487,'OFERTA EDUCATIVA GENERAL');
/*!40000 ALTER TABLE `seccion` ENABLE KEYS */;
UNLOCK TABLES;

--
-- Table structure for table `ubicacion`
--

DROP TABLE IF EXISTS `ubicacion`;
/*!40101 SET @saved_cs_client     = @@character_set_client */;
/*!40101 SET character_set_client = utf8 */;
CREATE TABLE `ubicacion` (
  `ID` int(10) unsigned NOT NULL AUTO_INCREMENT,
  `Num_Interior` varchar(30) DEFAULT NULL,
  `Num_Exterior` varchar(30) NOT NULL,
  `Calle` varchar(100) NOT NULL,
  `Colonia` varchar(45) NOT NULL,
  `Ciudad` varchar(45) NOT NULL,
  `Codigo_Postal` varchar(45) NOT NULL,
  `url_Maps` varchar(300) NOT NULL,
  `Universidad_ID` int(10) unsigned NOT NULL,
  `Municipio_ID` int(10) unsigned NOT NULL,
  PRIMARY KEY (`ID`),
  KEY `fk_Ubicacion_Universidad_idx` (`Universidad_ID`),
  KEY `fk_Ubicacion_Municipio1_idx` (`Municipio_ID`),
  CONSTRAINT `fk_Ubicacion_Municipio1` FOREIGN KEY (`Municipio_ID`) REFERENCES `municipio` (`ID`),
  CONSTRAINT `fk_Ubicacion_Universidad` FOREIGN KEY (`Universidad_ID`) REFERENCES `universidad` (`ID`)
) ENGINE=InnoDB AUTO_INCREMENT=62 DEFAULT CHARSET=utf8mb4;
/*!40101 SET character_set_client = @saved_cs_client */;

--
-- Dumping data for table `ubicacion`
--

LOCK TABLES `ubicacion` WRITE;
/*!40000 ALTER TABLE `ubicacion` DISABLE KEYS */;
INSERT INTO `ubicacion` VALUES (1,'Mz. 2','Km 13','Carretera Chetumal- Cancún','SM. 299','Cancún','77565','NA',1,5),(2,'Lote ','Manza','Carretera Cancún-Aeropuerto KM 11.5 ','SM 299 ','Cancún','77565','https://goo.gl/maps/x4BvW7X2osHttXZ87',2,5),(3,'s/n','s/n','Calzada del Centenario, esquina Ignacio Comonfort','del Bosque','Chetumal','77035','NA',3,4),(4,'0','Mza 2','Fonatur','Smza 313','Cancún','77506','https://www.google.com.mx/maps/place/Escuela+Superior+de+Leyes/@21.130873,-86.8442824,17z/data=!3m1!4b1!4m5!3m4!1s0x85d1ff15ca4a1b15:0x4060d824b8d9b14!8m2!3d21.130873!4d-86.8420937',4,5),(5,'#','#422','Av. Boulevard Bahía esquina con calle Margarita','Zona de Granjas','Chetumal','77079','https://www.google.com/maps/dir//vizcaya+chetumal/data=!4m6!4m5!1m1!4e2!1m2!1m1!1s0x8f5ba36a84d58b11:0x740137c08469e070?sa=X&ved=2ahUKEwjT3I2QhcLuAhVFQ6wKHUKDDJQQ9RcwC3oECBIQBA',5,4),(6,'j','j','k','l','j','a','NA',6,5),(7,'56','4','34','Prueba','Felipe Carrillo Pto','77500','NA',7,1),(9,'a','a','k','l','a','a','https://www.google.com/maps/place/Universidad+Tecnologica+de+Canc%C3%BAn,/@21.0495167,-86.8469238,15z/data=!4m12!1m6!3m5!1s0x0:0x539479cfc0929edb!2sUniversidad+Tecnologica+de+Canc%C3%BAn,!8m2!3d21.0495167!4d-86.8469238!3m4!1s0x0:0x539479cfc0929edb!8m2!3d21.0495167!4d-86.8469238',9,1),(10,'0','0','Carretera Federal Cancún-Playa del Carmen Mza. 005 Lote 001','Selvamar','Playa del Carmen','77727','https://l.facebook.com/l.php?u=https%3A%2F%2Fwww.google.com%2Fmaps%2Fdir%2F%3Fapi%3D1%26destination%3D20.680068441982%252C-87.041115760803%26fbclid%3DIwAR2rfqN537vNwypb9iU3XJ1wdcEjjU2k2SRbKfQJZiJJMl0I_1M_w7VH1rM&h=AT1eA_qDe-J0UU-6rl6lBXSlYKqPvozuKjXQpHknO4Z041Mu0HAhdTXg6Br8XUcBIJaXaSaI8JiSSEvJ-3-noP',10,8),(11,'Planta Alta','No.2','Av. Yaxchilán Mz.2','Centro  Sm.21','Cancún','77500','',11,5),(12,'NA','54','Avenida CTM','Real Ibiza','Playa del Carmen','77723','https://goo.gl/maps/wqz5huwJpt2UN5ox6',12,8),(13,'n anonimox2','n anonimo','calle anonima','colonia anonima','ciudad anonima','codigo anonimo','',13,5),(14,'no','750','Av Constituyentes','Francisco May','Felipe Carrillo Puerto','77200','',14,2),(15,'SN','SN','45 avenida entre avenida benito juarez y calle 1 era sur','Adolfo Lopez mateos ','Cozumel, quintana roo','77600','',15,1),(16,'s/n','s/n','3 Garantías.','Ampliación proterritorio.','Chetumal.','76000','',16,4),(17,'1001','1003','Av. Constituyentes del 74 ','Residencial Constituyentes','Chetumal','77086','',17,4),(18,'77710','GONZALO GUERRERO (ENTRE CALLES','CALLE 45 NTE MANZANA 8 LOTE 6 COL.','COL. GONZALO GUERRERO','Playa del Carmen','77710','https://g.page/universidad-ducens?share',18,8),(19,'NO TIENE','Lote 23- 26','Av. Leona Vicario, manzana 30 ','Supermanzana 230','BENITO JUAREZ','77516','https://l.facebook.com/l.php?u=https%3A%2F%2Fwww.google.com%2Fmaps%2Fdir%2F%3Fapi%3D1%26destination%3D21.175187967016%252C-86.852974891663%26fbclid%3DIwAR0j4m4EiWcS7bTst5pY3viSRHICA2A3osoPFMaIkhUnOFGUtsT-jo1z4OU&h=AT0-nZHPIXlFLAiArrBxQS_Jzj3EsGSmZXmWp1RHnK1P8aQNl2r3ZJt1fPEJJHn5DzbQLHuEb3q3p1CrnBqHQX',19,5),(20,'MZ6','SM 296','BLVD LUIS DONALDO COLOSIO ','LOTE 1-10','BENITO JUAREZ, CANCÚN QUINTA ROO','77560','https://goo.gl/maps/MVZtckc89KEGWGw1A',20,5),(21,'00','00','Av. Huayacán, enfrente del Fracc. Long Island, entre el oxxo y el lote de comida AMMA, M34, L4, SM 3','SM 313','Cancún','77560','https://www.google.com.mx/maps/place/Liceo+Culinario/@21.1062185,-86.8576737,17z/data=!3m1!4b1!4m5!3m4!1s0x8f4c2c067e8dff03:0x72fe69a68a7d878d!8m2!3d21.1062135!4d-86.855485?hl=es&authuser=1',21,5),(22,'Mz 03 Lote 57','Sm 69','Av. José López Portillo ','Cancún ','Cancún ','77510','https://maps.app.goo.gl/jPb14iWATEqmcAFbA',22,5),(23,'330','330','Av. Insurgentes ','Lic. David G. Gutiérrez Ruiz ','Chetumal','77013','https://goo.gl/maps/88Y771qU2bxg7LXm6',23,4),(24,'SIN NUMERO ','SN','Justo Sierra ','Miraflores ','Chetumal Q. Roo','77027','https://www.google.com/maps/dir/18.5239738,-88.3019178/google+maps+ubicacion+UPN+Chetumal/@18.5184414,-88.3205222,15z/data=!3m1!4b1!4m9!4m8!1m1!4e1!1m5!1m1!1s0x8f5ba3556cd37d31:0x499d826e0fd5f5e7!2m2!1d-88.3225024!2d18.5137937',24,4),(25,'Torre A, 1er piso','Centro Empresarial Cancún','Blvd. Kukulcán Km. 12.5','Zona Hotelera','Cancún','77500','',25,5),(26,'NO TIENE','14-A','Andador de la Av. Heroes ','Centro','Chetumal','77000','',26,4),(27,'Lote 20_01','Mza 12','Av. Chichén Itzá SM. 52 Mza. 12','Unidad Morelos ','Cancún Quintana Roo','77515','https://g.page/univaztecacancun?share',27,5),(28,'lote 003 ','manzana 026 ','Calle 50 Poniente','Colonia Ejido','Playa del Carmen','77710','https://bit.ly/2NFOoou',28,8),(29,'Lote 20_01','Mza 12','Avenida Chichén Itzá SM 52','Unidad Morelos ','Cancún Quintana Roo','77515','https://g.page/univaztecacancun?share',29,5),(30,'mza16','lt1','calle del bosque','smza 523','cancún','77500','https://g.page/universidad-henbord?share',30,5),(31,'39','39','Av. Coba','Sm. 4','Cancún','77500','http://bit.ly/umaatubcn',31,5),(32,'Pruebas','Pruebas','Pruebas','Pruebas','Pruebas','Pruebas','',32,4),(33,'S/N','S/N','BOULEVARD BAHIA ESQ. IGNACIO COMOFORTH','DEL BOSQUE','CHETUMAL','77019','',33,4),(34,'No tiene','No tiene','Carretera Mérida-Puerto Juárez Mza. 4, Lote 73, Región 130. Cancún Quintana Roo 77539 México','No tiene colonia','Cancún',' 77539','https://www.google.com.mx/maps/place/Universidad+para+la+Cooperaci%C3%B3n+Internacional+Mexico+-+UCIMEXICO/@21.1025973,-86.9715701,16z/data=!4m14!1m8!3m7!1s0x0:0xbca8d602c05cf2c!2sUniversidad+para+la+Cooperaci%C3%B3n+Internacional+Mexico+-+UCIMEXICO!8m2!3d21.102287!4d-86.971377!9m1!1b1!3m4!1s0x0:0xb',34,5),(35,'No aplica','526','Av. José López Portillo No. 526 PTE. Sm 61 Mz 9 Lote 11 Cancún Quintana Roo','Colonia 61','Cancun, Q. Roo','77516','https://www.google.com/maps/place/Universidad+Latinoamericana+del+Caribe/@21.1661355,-86.8425355,15z/data=!4m5!3m4!1s0x0:0xd51654b43646d51d!8m2!3d21.1661355!4d-86.8425355',35,5),(36,'N/A','Local 6-A','Smz 2 Mz 1 Lt 18 ','entre Av. Nader y Tulum  a un costado de Plaz','Cancún','77500','https://www.google.com/maps/place/IMESAD+CAMPUS+CANCUN/@21.1669975,-86.8252553,15z/data=!4m5!3m4!1s0x0:0x71bfdc03b5932069!8m2!3d21.1669975!4d-86.8252553',36,5),(37,'SN','SN','Carretera  Chetumal - Bacalar Km 5.3, Centro ','Centro','Chetumal','77000','https://www.google.com/maps/place/Universidad+Tecnol%C3%B3gica+de+Chetumal/@18.503843,-88.348359,1487m/data=!3m1!1e3!4m12!1m6!3m5!1s0x0:0xe801a013db6c483d!2sUniversidad+Tecnol%C3%B3gica+de+Chetumal!8m2!3d18.5018821!4d-88.347373!3m4!1s0x0:0xe801a013db6c483d!8m2!3d18.5018821!4d-88.347373?hl=es-ES',37,4),(38,'0','47','Sierra Madre','Cumbres','Cancún','77560','https://goo.gl/maps/4Jr9D1SWmmU1sJks8',38,5),(39,'lote 15','mza 51','Av. Uxmal','sm 23','CANCÚN','77509','https://www.google.com/maps/place/Universidad+del+Sur/@21.166072,-86.831246,15z/data=!4m5!3m4!1s0x0:0x11dcade3556f00a9!8m2!3d21.166072!4d-86.831246',39,5),(40,'Manzana 1','Lote 1','Carretera Cancún-Playa del Carmen','Km. 11.5 SM 299','Cancún','77560','',40,5),(41,'NA','NA','Av. Universidades','Ejidal','Playa del Carmen','77710','https://www.google.com.mx/maps/place/Cafeter%C3%ADa+UTRM/@20.6840413,-87.0638451,17.59z/data=!4m5!3m4!1s0x8f4e4353554b4aef:0x9556c1b2c1241b77!8m2!3d20.6839774!4d-87.0633332',41,8),(42,'SN','sn','CARRETERA MUNA-FELIPE CARRILLO PUERTO KM. 137, S/N','La Presumida','La Presumida','77870','https://www.google.com.mx/maps/place/UIMQRoo/@19.7590624,-88.7256695,18z/data=!4m5!3m4!1s0x8f50ae012c47d0e9:0xa8eb4ed2b1b4ce59!8m2!3d19.7590624!4d-88.7245752',42,6),(43,'Av. Aviación','Plaza Antigua','Av. 10 Sur','Centro','Playa del Carmen','77710','',43,8),(44,'S/N','S/N','Carr. Federal Chetumal - Sub-teniente López. S/N. Entre la glorieta al mestizaje y la glorieta de St','Centro','Chetumal','77000','https://goo.gl/maps/MNHuTyBG4yRwnhya9',44,4),(45,'Primer piso','S/N','Calle 70 Sur, entre calle 39 sur y calle 41 sur','Ejidal','Playa del Carmen, Solidaridad','77712','https://goo.gl/maps/po1EeVjGC3tart988',45,8),(47,'s/n','s/n','Av. Kabáh km. 3 s/n','Centro','Cancún','77500','https://goo.gl/maps/u2jDkvqcdVp8E57A6',47,5),(48,'LT 10','MZ 44','Av 125','EJIDAL','Playa del Carmen','77712','https://www.google.com/maps/place/ESCUELA+DE+ENFERMERIA+IGNACIO+CHAVEZ/@20.6399793,-87.0952286,15z/data=!4m5!3m4!1s0x0:0xb304437f79d034e1!8m2!3d20.6399793!4d-87.0952286',48,8),(49,'Lote 5','sin numero','28 norte','Ejidal','Playa Carmen ','77712','https://www.google.com/maps/place/UNID+Campus+Playa+del+Carmen/@20.634152,-87.0793319,15z/data=!4m5!3m4!1s0x0:0x7c9c2a93ad84b304!8m2!3d20.634152!4d-87.0793319',49,8),(50,'S/N','Lote 1','Fraccionamiento Tabachines','Región 78','Cancun','77528','',50,5),(51,'168','168','Av. Juarez ','Chetumal Centro','Chetumal Centro','77000','https://goo.gl/maps/yCKpvdatJBzoXf7v8',51,4),(52,'Prueba2','Prueba2','Prueba2','Prueba2','Prueba2','Prueba2','',52,1),(53,'1','num1','av Kabah','Sm 38','Cancun','77519','https://www.google.com/maps/place/38,+77507+Canc%C3%BAn,+Q.R./@21.1636958,-86.9047865,13z/data=!4m16!1m10!4m9!1m4!2m2!1d-86.8922713!2d21.1726228!4e1!1m3!2m2!1d-86.8476305!2d21.1573306!3m4!1s0x8f4c2b8984fd4c4f:0xd089b5b882d789e9!8m2!3d21.1573787!4d-86.8477081',53,5),(54,'5-04','5-04','Av. kabah, SM 51, mz 72, lote 5-04','SM 51','CANCUN','77533','https://goo.gl/maps/rUgg9FepxEqvajvu9',54,5),(55,'0','343','AV. DE LOS HÉROES ','ADOLFO LÓPEZ MATEOS','CHETUMAL','77010','https://www.google.com/maps/place/INSTITUTO+LAMAT/@18.5126096,-88.2950408,17z/data=!3m1!4b1!4m23!1m17!4m16!1m3!2m2!1d-88.2951242!2d18.5002134!1m6!1m2!1s0x8f5ba37d0fc6e96b:0x3c1473f4868a5429!2sINSTITUTO+LAMAT+INSTITUTO+LAMAT,+Av+de+los+H%C3%A9roes+343,+77010+Chetumal,+Q.R.!2m2!1d-88.2928521!2d18.5126',55,4),(56,'s/N','S/N','Carretera Vigía Chico','Centro','Felipe Carrillo Puerto','77200','',56,2),(57,'S/N','S/N','Carretera Chetumal-Escárcega Km 21.5','Ejido Juan Sarabia ','Ejido Juan Sarabia','77965','http://itzonamaya.edu.mx/',57,4),(58,'0101','Lote 2 y 3','Calle Cayo Centro y Punta Noh Ku','S.M 32','Cancún','77508','https://www.google.com.mx/maps/place/Colegio+Kukulcan/@21.1568283,-86.8473072,17z/data=!4m5!3m4!1s0x0:0xcdefd7673f13c63f!8m2!3d21.1570284!4d-86.8454726',58,5),(59,'S/N','S/N','Av. 34 entre calle 50 y 54','N/A','BACALAR','77930','https://www.google.com.mx/maps/place/Universidad+Polit%C3%A9cnica+de+Bacalar/@18.7018195,-88.3995484,16z/data=!4m12!1m6!3m5!1s0x8f5bb3c4a721ea97:0x2a99eb8782c34c39!2sUniversidad+Polit%C3%A9cnica+de+Bacalar!8m2!3d18.701954!4d-88.399839!3m4!1s0x8f5bb3c4a721ea97:0x2a99eb8782c34c39!8m2!3d18.701954!4d-88',59,10),(60,'Lote 1','Mz 5','Avenida Nichupte, esquina punta piedra','SMZ 17','Cancún','77505','NA',60,5),(61,'S/N','S/N','AV.1 ENTRE 2 Y 4','MAGISTERIAL','BACALAR','77930','NA',61,10);
/*!40000 ALTER TABLE `ubicacion` ENABLE KEYS */;
UNLOCK TABLES;

--
-- Table structure for table `universidad`
--

DROP TABLE IF EXISTS `universidad`;
/*!40101 SET @saved_cs_client     = @@character_set_client */;
/*!40101 SET character_set_client = utf8 */;
CREATE TABLE `universidad` (
  `ID` int(10) unsigned NOT NULL AUTO_INCREMENT,
  `Nombre` varchar(100) NOT NULL,
  `Ruta_Escudo` varchar(100) NOT NULL,
  `Tipo` varchar(1) NOT NULL COMMENT '0: Publica\n1: Privada',
  `Proceso_Admision` varchar(100) NOT NULL,
  `Clave_Centro_Trabajo` varchar(11) NOT NULL,
  `Usuario_ID` int(10) unsigned NOT NULL,
  `Estatus_ID` int(10) unsigned NOT NULL,
  PRIMARY KEY (`ID`),
  KEY `fk_Universidad_Usuario1_idx` (`Usuario_ID`),
  KEY `fk_Universidad_Estatus1_idx` (`Estatus_ID`),
  CONSTRAINT `fk_Universidad_Estatus1` FOREIGN KEY (`Estatus_ID`) REFERENCES `estatus` (`ID`),
  CONSTRAINT `fk_Universidad_Usuario1` FOREIGN KEY (`Usuario_ID`) REFERENCES `usuario` (`ID`)
) ENGINE=InnoDB AUTO_INCREMENT=62 DEFAULT CHARSET=utf8mb4;
/*!40101 SET character_set_client = @saved_cs_client */;

--
-- Dumping data for table `universidad`
--

LOCK TABLES `universidad` WRITE;
/*!40000 ALTER TABLE `universidad` DISABLE KEYS */;
INSERT INTO `universidad` VALUES (1,'Universidad Anáhuac Cancún','NA','2','NA','',2,3),(2,'Universidad Tecnológica de Cancún','http://feriavirtual.upqroo.edu.mx/SeccionAdministrativa/docs_Unis/logos/1611953856.png','0','http://feriavirtual.upqroo.edu.mx/SeccionAdministrativa/docs_Unis/admision/1612387987.pdf','23EUT0001F',4,2),(3,'INSTITUTO DE ESTUDIOS SUPERIORES WOZNIAK','NA','1','NA','23PSU0065G',5,3),(4,'Escuela Superior de Leyes','http://feriavirtual.upqroo.edu.mx/SeccionAdministrativa/docs_Unis/logos/1613086703.png','1','http://feriavirtual.upqroo.edu.mx/SeccionAdministrativa/docs_Unis/admision/1613173785.jpg','23PSU0012B',6,3),(5,'Universidad Vizcaya de las Américas campus Chetumal','http://feriavirtual.upqroo.edu.mx/SeccionAdministrativa/docs_Unis/logos/1613753145.png','1','NA','',7,2),(6,'Instituto de prueba','NA','0','NA','a2a2a2a2',9,4),(7,'prueba','NA','1','NA','ct6789657',10,4),(9,'Instituto de prueba2','http://feriavirtual.upqroo.edu.mx/SeccionAdministrativa/docs_Unis/logos/1611997695.png','0','http://feriavirtual.upqroo.edu.mx/SeccionAdministrativa/docs_Unis/admision/1611997695.pdf','a2a2a2a2',12,4),(10,'Earth University','http://feriavirtual.upqroo.edu.mx/SeccionAdministrativa/docs_Unis/logos/1612911899.png','1','http://feriavirtual.upqroo.edu.mx/SeccionAdministrativa/docs_Unis/admision/1613134634.pdf','23PSU0081Y',16,3),(11,'INSTITUTO UNIVERSITARIO CRUZ ROJA MEXICANA PLANTEL CANCUN','http://feriavirtual.upqroo.edu.mx/SeccionAdministrativa/docs_Unis/logos/1613179121.jpg','1','http://feriavirtual.upqroo.edu.mx/SeccionAdministrativa/docs_Unis/admision/1613179121.jpg','23PSU0058X',18,3),(12,'Universidad Riviera Playa del Carmen','http://feriavirtual.upqroo.edu.mx/SeccionAdministrativa/docs_Unis/logos/1613145670.png','1','http://feriavirtual.upqroo.edu.mx/SeccionAdministrativa/docs_Unis/admision/1613755847.pdf','CER0612082D',19,2),(13,'Quantum speed','http://feriavirtual.upqroo.edu.mx/SeccionAdministrativa/docs_Unis/logos/1613289737.jpg','1','http://feriavirtual.upqroo.edu.mx/SeccionAdministrativa/docs_Unis/admision/1613773190.pdf','Cl4v3',20,4),(14,'UNIVERSIDAD PRIVADA DE LA PENÍNSULA','http://feriavirtual.upqroo.edu.mx/SeccionAdministrativa/docs_Unis/logos/1612292957.jpg','1','NA','23PSU0048Q',21,3),(15,'Universidad Interamericana para el Desarrollo Campus Cozumel','http://feriavirtual.upqroo.edu.mx/SeccionAdministrativa/docs_Unis/logos/1613497742.png','1','NA','23PSU0034N',22,3),(16,'Centro de Actualización del Magisterio.','http://feriavirtual.upqroo.edu.mx/SeccionAdministrativa/docs_Unis/logos/1612404231.jpg','0','NA','23DLT0001Z',23,3),(17,'Instituto de Estudios Superiores para la Competitividad y el Desarrollo de América','http://feriavirtual.upqroo.edu.mx/SeccionAdministrativa/docs_Unis/logos/1613232135.png','1','NA','23PSU0068D',24,2),(18,'UNIVERSIDAD DUCENS','http://feriavirtual.upqroo.edu.mx/SeccionAdministrativa/docs_Unis/logos/1612536596.png','1','NA','23PSU0078K ',25,2),(19,'Instituto Universitario Metropolitano','NA','1','NA','23PSU0080Z',26,3),(20,'Universidad de Oriente','http://feriavirtual.upqroo.edu.mx/SeccionAdministrativa/docs_Unis/logos/1613780014.png','1','NA','Clave Centr',27,2),(21,'Liceo Culinario ','http://feriavirtual.upqroo.edu.mx/SeccionAdministrativa/docs_Unis/logos/1612562018.jpeg','1','NA','23PSU0069C',28,3),(22,'Instituto Pericial Judicial ','http://feriavirtual.upqroo.edu.mx/SeccionAdministrativa/docs_Unis/logos/1613766679.jpg','1','http://feriavirtual.upqroo.edu.mx/SeccionAdministrativa/docs_Unis/admision/1613180989.pdf','23PSU0083W',29,2),(23,'Tecnológico Nacional de México, Campus Instituto Tecnológico de Chetumal','http://feriavirtual.upqroo.edu.mx/SeccionAdministrativa/docs_Unis/logos/1613586503.jpg','0','http://feriavirtual.upqroo.edu.mx/SeccionAdministrativa/docs_Unis/admision/1613580737.pdf','23DIT0001L',31,2),(24,'Universidad Pedagógica Nacional  Unidad 231  Chetumal ','http://feriavirtual.upqroo.edu.mx/SeccionAdministrativa/docs_Unis/logos/1613506708.jpg','0','NA','23DUP0001U',32,1),(25,'CVDR Unidad Cancún','http://feriavirtual.upqroo.edu.mx/SeccionAdministrativa/docs_Unis/logos/1612814459.jpg','0','http://feriavirtual.upqroo.edu.mx/SeccionAdministrativa/docs_Unis/admision/1612814459.pdf','Y1C000',33,1),(26,'INSTITUTO DE EDUCACION SUPERIOR ON LINE CETEC','http://feriavirtual.upqroo.edu.mx/SeccionAdministrativa/docs_Unis/logos/1613247889.png','1','NA','23PSU0074O',34,3),(27,'Universidad Lídermex','http://feriavirtual.upqroo.edu.mx/SeccionAdministrativa/docs_Unis/logos/1613157866.png','1','http://feriavirtual.upqroo.edu.mx/SeccionAdministrativa/docs_Unis/admision/1613773323.pdf','23MSU0011F ',35,1),(28,'CENTRO UNIVERSITARIO INGLÉS','http://feriavirtual.upqroo.edu.mx/SeccionAdministrativa/docs_Unis/logos/1613248113.png','1','http://feriavirtual.upqroo.edu.mx/SeccionAdministrativa/docs_Unis/admision/1613692433.pdf','23PSU0040Y',36,2),(29,'Universidad Azteca','http://feriavirtual.upqroo.edu.mx/SeccionAdministrativa/docs_Unis/logos/1613577772.png','1','http://feriavirtual.upqroo.edu.mx/SeccionAdministrativa/docs_Unis/admision/1613773160.pdf','C.C.T. 15PS',37,1),(30,'UNIVERSIDAD HENBORD','http://feriavirtual.upqroo.edu.mx/SeccionAdministrativa/docs_Unis/logos/1613060394.png','1','NA','23PSU0082X',38,3),(31,'Universidad UNIMAAT','http://feriavirtual.upqroo.edu.mx/SeccionAdministrativa/docs_Unis/logos/1612898426.jpg','1','http://feriavirtual.upqroo.edu.mx/SeccionAdministrativa/docs_Unis/admision/1612898535.pdf','23PSU0061K',39,2),(32,'Pruebas','http://feriavirtual.upqroo.edu.mx/SeccionAdministrativa/docs_Unis/logos/1613155110.png','1','http://feriavirtual.upqroo.edu.mx/SeccionAdministrativa/docs_Unis/admision/1613155390.pdf','Pruebas',40,1),(33,'UNIVERSIDAD DE QUINTANA ROO','http://feriavirtual.upqroo.edu.mx/SeccionAdministrativa/docs_Unis/logos/1613758441.jpeg','0','http://feriavirtual.upqroo.edu.mx/SeccionAdministrativa/docs_Unis/admision/1613758503.jpeg','23USU0001H',41,2),(34,'UCIMEXICO ','http://feriavirtual.upqroo.edu.mx/SeccionAdministrativa/docs_Unis/logos/1612892948.png','1','NA','23PSU0038J ',42,3),(35,'Universidad Latinoamericana del Caribe (ULAC)','http://feriavirtual.upqroo.edu.mx/SeccionAdministrativa/docs_Unis/logos/1613052318.png','1','http://feriavirtual.upqroo.edu.mx/SeccionAdministrativa/docs_Unis/admision/1613569281.docx','23PSU0014Z',43,3),(36,'IMESAD ','http://feriavirtual.upqroo.edu.mx/SeccionAdministrativa/docs_Unis/logos/1612902593.png','1','http://feriavirtual.upqroo.edu.mx/SeccionAdministrativa/docs_Unis/admision/1612902593.pdf','23PBH3838B',44,3),(37,'Universidad Tecnológica de Chetumal','http://feriavirtual.upqroo.edu.mx/SeccionAdministrativa/docs_Unis/logos/1612969178.png','0','http://feriavirtual.upqroo.edu.mx/SeccionAdministrativa/docs_Unis/admision/1613753786.pdf','23EUT0003D',45,2),(38,'Instituto Superior de Estudios Creativos','http://feriavirtual.upqroo.edu.mx/SeccionAdministrativa/docs_Unis/logos/1613158334.png','1','NA','23PSU0036L',46,3),(39,'UNIVERSIDAD DEL SUR CAMPUS CANCÚN','http://feriavirtual.upqroo.edu.mx/SeccionAdministrativa/docs_Unis/logos/1612920689.png','1','NA','23MSU00325',47,3),(40,'UNIVERSIDAD LA SALLE CANCÚN','http://feriavirtual.upqroo.edu.mx/SeccionAdministrativa/docs_Unis/logos/1613062807.png','1','NA','23PSU0001W',48,3),(41,'Universidad Tecnológica de la Riviera Maya','http://feriavirtual.upqroo.edu.mx/SeccionAdministrativa/docs_Unis/logos/1613016618.jpg','0','NA','n',49,3),(42,'Universidad Intercultural Maya de Quintana Roo','http://feriavirtual.upqroo.edu.mx/SeccionAdministrativa/docs_Unis/logos/1613246778.jpg','0','http://feriavirtual.upqroo.edu.mx/SeccionAdministrativa/docs_Unis/admision/1613626957.pdf','230070',50,2),(43,'UNIVERSIDAD DEL SUR CAMPUS PLAYA DEL CARMEN','http://feriavirtual.upqroo.edu.mx/SeccionAdministrativa/docs_Unis/logos/1612983309.png','1','NA','00000',51,3),(44,'Universidad Modelo Chetumal','http://feriavirtual.upqroo.edu.mx/SeccionAdministrativa/docs_Unis/logos/1613575730.jpg','1','http://feriavirtual.upqroo.edu.mx/SeccionAdministrativa/docs_Unis/admision/1613577283.pdf','23CSU0028C',52,3),(45,'Explayarte escuela de arte','http://feriavirtual.upqroo.edu.mx/SeccionAdministrativa/docs_Unis/logos/1613056886.png','1','http://feriavirtual.upqroo.edu.mx/SeccionAdministrativa/docs_Unis/admision/1613755400.pdf','23PSU0054A',53,2),(47,'Instituto Tecnológico de Cancún','http://feriavirtual.upqroo.edu.mx/SeccionAdministrativa/docs_Unis/logos/1613347544.png','0','http://feriavirtual.upqroo.edu.mx/SeccionAdministrativa/docs_Unis/admision/1613347544.pdf','23DIT0002K',55,3),(48,'Escuela de Enfermeria Ignacio Chavez','http://feriavirtual.upqroo.edu.mx/SeccionAdministrativa/docs_Unis/logos/1613082083.png','1','http://feriavirtual.upqroo.edu.mx/SeccionAdministrativa/docs_Unis/admision/1613577249.pdf','23PSU0062J',56,3),(49,'Universidad Interamericana para el Desarrollo Campus Playa del Carmen','http://feriavirtual.upqroo.edu.mx/SeccionAdministrativa/docs_Unis/logos/1613085105.jpg','1','http://feriavirtual.upqroo.edu.mx/SeccionAdministrativa/docs_Unis/admision/1613085203.pdf','23PSU0019V',58,3),(50,'Universidad del Caribe','http://feriavirtual.upqroo.edu.mx/SeccionAdministrativa/docs_Unis/logos/1613156219.png','0','http://feriavirtual.upqroo.edu.mx/SeccionAdministrativa/docs_Unis/admision/1613156341.pdf','23ESU0004N',59,3),(51,'UNID Campus Chetumal','http://feriavirtual.upqroo.edu.mx/SeccionAdministrativa/docs_Unis/logos/1613159394.png','1','http://feriavirtual.upqroo.edu.mx/SeccionAdministrativa/docs_Unis/admision/1613831911.pdf','23PSU0017X',60,2),(52,'Prueba2','http://feriavirtual.upqroo.edu.mx/SeccionAdministrativa/docs_Unis/logos/1613606733.jpg','1','http://feriavirtual.upqroo.edu.mx/SeccionAdministrativa/docs_Unis/admision/1613606755.pdf','Prueba2',61,1),(53,'UNID CANCÚN','http://feriavirtual.upqroo.edu.mx/SeccionAdministrativa/docs_Unis/logos/1613237195.png','1','http://feriavirtual.upqroo.edu.mx/SeccionAdministrativa/docs_Unis/admision/1613240557.png','UTM010711E2',62,3),(54,'UNIVERSIDAD MAYA','NA','1','NA','23PSU0052C',63,3),(55,'INSTITUTO DE ESTUDIOS SUPERIORES LAMAT Y VIKTOR FRANKL','http://feriavirtual.upqroo.edu.mx/SeccionAdministrativa/docs_Unis/logos/1613695677.jpg','1','http://feriavirtual.upqroo.edu.mx/SeccionAdministrativa/docs_Unis/admision/1613702642.pdf','23PSU0063I/',64,2),(56,'Instituto Tecnológico Superior de Felipe Carrillo Puerto','http://feriavirtual.upqroo.edu.mx/SeccionAdministrativa/docs_Unis/logos/1613500530.jpg','0','NA','23EIT0001K',66,1),(57,'Instituto Tecnológico de la Zona Maya','http://feriavirtual.upqroo.edu.mx/SeccionAdministrativa/docs_Unis/logos/1613510491.png','0','http://feriavirtual.upqroo.edu.mx/SeccionAdministrativa/docs_Unis/admision/1613510436.pdf','23DIT0003J',67,1),(58,'Instituto Universitario Kukulcan','http://feriavirtual.upqroo.edu.mx/SeccionAdministrativa/docs_Unis/logos/1613505438.jpg','1','NA','23PSU0024G',68,3),(59,'Universidad Politécnica de Bacalar','http://feriavirtual.upqroo.edu.mx/SeccionAdministrativa/docs_Unis/logos/1613600373.png','0','http://feriavirtual.upqroo.edu.mx/SeccionAdministrativa/docs_Unis/admision/1613616618.pdf','23EPO0002H',69,1),(60,'Centro de estudios gestalt para el diseño A.C.','NA','1','NA','30DMSU02100',70,1),(61,'CENTRO REGIONAL DE EDUCACIÓN NORMAL \"JAVIER ROJO GÓMEZ\"','NA','0','NA','23DNL0001O',71,1);
/*!40000 ALTER TABLE `universidad` ENABLE KEYS */;
UNLOCK TABLES;

--
-- Table structure for table `universidad_red_social`
--

DROP TABLE IF EXISTS `universidad_red_social`;
/*!40101 SET @saved_cs_client     = @@character_set_client */;
/*!40101 SET character_set_client = utf8 */;
CREATE TABLE `universidad_red_social` (
  `Recurso` varchar(200) NOT NULL,
  `Red_Social_ID` int(10) unsigned NOT NULL,
  `Universidad_ID` int(10) unsigned NOT NULL,
  PRIMARY KEY (`Red_Social_ID`,`Universidad_ID`),
  KEY `fk_Red_Social_has_Universidad_Universidad1_idx` (`Universidad_ID`),
  KEY `fk_Red_Social_has_Universidad_Red_Social1_idx` (`Red_Social_ID`),
  CONSTRAINT `fk_Red_Social_has_Universidad_Red_Social1` FOREIGN KEY (`Red_Social_ID`) REFERENCES `red_social` (`ID`),
  CONSTRAINT `fk_Red_Social_has_Universidad_Universidad1` FOREIGN KEY (`Universidad_ID`) REFERENCES `universidad` (`ID`)
) ENGINE=InnoDB DEFAULT CHARSET=utf8mb4;
/*!40101 SET character_set_client = @saved_cs_client */;

--
-- Dumping data for table `universidad_red_social`
--

LOCK TABLES `universidad_red_social` WRITE;
/*!40000 ALTER TABLE `universidad_red_social` DISABLE KEYS */;
INSERT INTO `universidad_red_social` VALUES ('https://www.facebook.com/UTdeCancun',1,2),('https://www.facebook.com/wozniakuniversidad',1,3),('https://www.facebook.com/EscuelaSuperiordeLeyes',1,4),('https://www.facebook.com/UVA.Chetumal',1,5),('https://www.facebook.com/EarthLifeUniversity/',1,10),('https://m.facebook.com/IUCRM/',1,11),('https://www.facebook.com/UniversidadRivieraMX',1,12),('https://www.facebook.com/UPPCarrilloPuerto',1,14),('https://www.facebook.com/UNIDCampusCozumel',1,15),('https://web.facebook.com/CamChetumal',1,16),('https://www.facebook.com/UniversidadDucens',1,18),('https://www.facebook.com/iumcancun/',1,19),('https://www.facebook.com/uouniversidad',1,20),('@LiceoCulinario',1,21),('https://www.facebook.com/InstitutoPericialJudicial',1,22),('@ITChetumal',1,23),('https://www.facebook.com/upnqr/',1,24),('https://www.facebook.com/universidadlidermex',1,27),('https://www.facebook.com/cuingles',1,28),('https://www.facebook.com/uniaztecacancun',1,29),('https://www.facebook.com/UHenbord',1,30),('https://www.facebook.com/Unimaat',1,31),('https://www.facebook.com/uqroo',1,33),('https://www.facebook.com/ucimexico.edu',1,34),('https://www.facebook.com/ulaccancun',1,35),('https://www.facebook.com/IMESADCancun',1,36),('https://www.facebook.com/UTChetumal',1,37),('https://www.facebook.com/estudiocreativocancun/',1,38),('https://www.facebook.com/us.plantelcancun',1,39),('https://www.facebook.com/lasallecancun',1,40),('https://www.facebook.com/UTRivieraMaya.BIS',1,41),('https://www.facebook.com/UIMQROO-Universidad-176572969856015',1,42),('https://www.facebook.com/UsPlayadelCarmen',1,43),('https://www.facebook.com/umodelochetumal',1,44),('https://www.facebook.com/EscuelaExplayarte',1,45),('www.facebook.com/TECNMCampusCancun',1,47),('m.me/EEICHPlayadelCarmen',1,48),('https://www.facebook.com/UNIDCampusPlayadelCarmen/',1,49),('@UcaribeOficial',1,50),('https://www.facebook.com/UNIDCampusChetumal',1,51),('https://www.facebook.com/UnidCampusCancun ',1,53),('https://www.facebook.com/UniversidadMayaOficialCancun',1,54),('https://www.facebook.com/UniLamatViktorFrankl',1,55),('https://web.facebook.com/TecNMcampusFelipeCarrilloPuerto',1,56),('https://web.facebook.com/TECNMCampusZonaMaya',1,57),('Mercadotecnia',1,58),('https://www.facebook.com/Upbacalar',1,59),('https://cutt.ly/VfVwBeo',2,2),('9831771079',2,3),('998 484 9638',2,4),('https://wa.link/lky6ad',2,5),('https://wa.me/message/WF25GKMRVWMOH1',2,10),('9984 29 6490',2,11),('984 129 5110',2,12),('9994738666',2,14),('9878760802',2,15),('https://wa.me/529983862338',2,18),('9981654189',2,19),('https://wa.me/5212225772361?text=Hola, quiero recibir más información de la Universidad de Oriente',2,20),('+523313041482',2,21),('https://bit.ly/2tm28rc',2,22),('9981704427',2,27),('9841881680',2,28),('9983241003',2,29),('9984878406',2,30),('https://wa.me/message/SJCP5H7FAQIHM1',2,31),('9831374028 ',2,33),('998 246 4155',2,34),('https://api.whatsapp.com/message/HFZBNTN74FLXO1',2,36),('983 107 5591',2,37),('https://wa.me/529981532909',2,38),('9982141814',2,39),('9982229764',2,40),('(984) 278 79 95',2,41),('9831406602',2,42),('984 188 6432',2,43),('983 154 1297',2,44),('9842321623',2,45),('998 418 1108',2,47),('984 157 6474  /  984 106 1378',2,49),('9831380050',2,51),('9811333169',2,53),('https://api.whatsapp.com/send?phone=+529983854091&text=%C2%A1Hola!%20Quisiera%20m%C3%A1s%20informaci%C3%B3n%20acerca%20de%20las%20inscripciones.',2,54),('983100400',2,55),('9831149495',2,56),('Mercadotecnia',2,58),('9831160947',2,59),('https://www.instagram.com/utcancun/',3,2),('https://www.instagram.com/iuwozniak/?hl=es-la',3,3),('https://www.instagram.com/earthlifeuniversity/',3,10),('http://instagram.com/iucrm',3,11),('https://www.instagram.com/universidadriviera/',3,12),('https://www.instagram.com/universidadducens/',3,18),('https://instagram.com/universidaddeorienteuo?igshid=x6i7icya9bvv',3,20),('liceoculinario',3,21),('https://instagram.com/ipj_oficial?igshid=1u2f1fwrla19h',3,22),('https://instagram.com/universidadlidermex?igshid=1q14a70pnega5',3,27),('https://www.instagram.com/cuinglespdc/?igshid=18w59194w56sv',3,28),('https://instagram.com/universidadaztecacancun?igshid=1i8lvcj6ijprh',3,29),('https://www.facebook.com/UHenbord',3,30),('https://www.instagram.com/unimaat/',3,31),('https://www.instagram.com/ulac_cancun',3,35),('UT Chetumal',3,37),('https://.instagram.com/estudiocreativocancun',3,38),('https://www.instagram.com/unidelsur/',3,39),('https://www.instagram.com/lasallecancun/',3,40),('https://www.instagram.com/utrivieramaya.bis/',3,41),('https://instagram.com/uimqroo_universidad?igshid=p1dlnz2p5owa',3,42),('@unidelsur',3,43),('https://www.instagram.com/unimodelochetumal/',3,44),('https://www.instagram.com/explayarte/',3,45),('https://www.instagram.com/unid_pdc/?hl=es-la',3,49),('@ucaribeoficial',3,50),('https://www.instagram.com/unid_che_/?hl=es',3,51),('@UNID_CUN',3,53),('https://www.instagram.com/tecnmcampusfelipecarrillopto/',3,56),('https://www.instagram.com/tecnmcampuszonamaya/',3,57),('https://www.instagram.com/upb_oficial/',3,59),('https://twitter.com/UTCancun',4,2),('@CAMdeChetumal',4,16),('https://twitter.com/UniDucens',4,18),('https://twitter.com/uo_universidad',4,20),('https://twitter.com/IPJ_OFICIAL?s=09',4,22),('@IT_Chetumal',4,23),('https://twitter.com/uhenbord',4,30),('https://twitter.com/unimaat',4,31),('@uqroo_mx',4,33),('https://twitter.com/UTChetumal',4,37),('https://twitter.com/UT_RivieraMaya',4,41),('https://twitter.com/UIMQRoo?s=09',4,42),('https://twitter.com/unimodelo_ch',4,44),('https://twitter.com/explayarte',4,45),('https://twitter.com/TecNM_Cancun',4,47),('@UcaribeOficial',4,50),('https://twitter.com/unid_che?lang=es',4,51),('https://twitter.com/LamatInstituto',4,55),('https://twitter.com/tecnmcarrillo?lang=es',4,56),('https://twitter.com/TECNMZonaMaya',4,57),('https://twitter.com/upbacalar',4,59),('http://utcancun.edu.mx/',5,2),('https://iuw.mx/',5,3),('https://escuelasuperiordeleyes.com/',5,4),('https://www.uva.edu.mx/Chetumal/inicio',5,5),('www.cruzrojacancun.org/iucrm',5,11),('https://www.universidadriviera.edu.mx/',5,12),('https://www.universidadupp.edu.mx/campus/felipe-carrillo-puerto',5,14),('https://www.unid.edu.mx/',5,15),('www.UniversidadDucens.edu.mx',5,18),('https://www.uo.edu.mx/',5,20),('www.liceoculinario.com/',5,21),('www.institutoipj.com/instituto/',5,22),('http://chetumal.tecnm.mx/',5,23),('http://www.universidadlidermex.edu.mx/',5,27),('http://www.cuingles.com/',5,28),('https://inscripcionenlinea.universidadaztecacancun.com/',5,29),('https://henbord.com.mx/',5,30),('www.unimaat.mx',5,31),('http://www.uqroo.mx/',5,33),('https://ucimexico.edu.mx/',5,34),('https://universidadlatinoamericanadelcaribe.edu.mx/',5,35),('http://cancun.imesad.edu.mx/',5,36),('http://www.utchetumal.edu.mx/index/',5,37),('https://www.estudiocreativocancun.com',5,38),('https://universidaddelsur.edu.mx/unisur/',5,39),('https://lasallecancun.edu.mx/',5,40),('www.utrivieramaya.edu.mx',5,41),('www.uimqroo.edu.mx',5,42),('https://www.universidaddelsur.edu.mx/universidaddelsur/informes/',5,43),('https://www.unimodelo.edu.mx/chetumal',5,44),('www.explayarte.edu.mx',5,45),('cancun.tecnm.mx',5,47),('www.escuelaignaciochavez.edu.mx',5,48),('https://www.unid.edu.mx/',5,49),('www.unicaribe.mx',5,50),('https://www.unid.edu.mx/campus/?c=chtemual',5,51),('https://www.unid.edu.mx/campus/?c=cancun ',5,53),('https://www.universidadmaya.edu.mx',5,54),('http://itzonamaya.edu.mx/',5,57),('https://www.upb.edu.mx',5,59);
/*!40000 ALTER TABLE `universidad_red_social` ENABLE KEYS */;
UNLOCK TABLES;

--
-- Table structure for table `usuario`
--

DROP TABLE IF EXISTS `usuario`;
/*!40101 SET @saved_cs_client     = @@character_set_client */;
/*!40101 SET character_set_client = utf8 */;
CREATE TABLE `usuario` (
  `ID` int(10) unsigned NOT NULL AUTO_INCREMENT,
  `Nombre` varchar(45) NOT NULL,
  `Apellido_P` varchar(45) NOT NULL,
  `Apellido_M` varchar(45) NOT NULL,
  `Telefono` varchar(45) NOT NULL,
  `Celular` varchar(45) NOT NULL,
  `Correo_Electronico` varchar(70) NOT NULL,
  `Tipo` int(11) NOT NULL COMMENT '0: Super Admin\n1: Supervisor\n2: Admin\n3:Bloqueado',
  `Contrasena` varchar(100) NOT NULL,
  `Nombre_Usuario` varchar(55) NOT NULL,
  PRIMARY KEY (`ID`)
) ENGINE=InnoDB AUTO_INCREMENT=72 DEFAULT CHARSET=utf8mb4;
/*!40101 SET character_set_client = @saved_cs_client */;

--
-- Dumping data for table `usuario`
--

LOCK TABLES `usuario` WRITE;
/*!40000 ALTER TABLE `usuario` DISABLE KEYS */;
INSERT INTO `usuario` VALUES (1,'Kevin','Garcia','Ramirez','9982998613','9982998613','mr.kegara@gmail.com',1,'kegarapass','Kegara'),(2,'Shubert','Collí','Tuyub','9981901994','9981901994','shubert.colli@anahuac.mx',2,'DpuZRSJ8','MLEKX'),(3,'Israel','Morales','Garcia','9988776655','9988776655','imgescuela@gmail.com',0,'xd','QIRQG'),(4,'Randhy Mizzraim','Yam','Albornoz','998 8811900','9982624715','ryam@utcancun.edu.mx',2,'2A9PHqnM','HAOPG'),(5,'HEDY PAOLA','GARCÍA','BAHENA','9831183008','9831208775','universidad.wozniak@gmail.com',2,'8Bb1oDDO','PNOCG'),(6,'Selmy Guadalupe','Lopez','Anastacio','9988952841','9988952841','escuelasuperiordeleyes@hotmail.com',2,'qU6YptV3','PMQSY'),(7,'Oscar Román ','Rosado','Pérez','983 129 32 19 y 983 129 33 35','9831574237','vinculacion_chetumal@uva.edu.mx',2,'KHao4PN8','AAMHG'),(8,'Alexis','Aparicio','Hernandez','9988776655','1122334455','rexwolf96@gmail.com',0,'Qq24uTtp','AEUXE'),(9,'nombrePrueba123','AP123','AM123','9989377067','7777777777','rexwolf96@gmail.com',2,'zIbAJCla','RZVCM'),(10,'Mariano','Xiu','Chan','2334235','7899','ut_tareas@live.com.mx',2,'e6C4YmqG','HAFII'),(12,'nombrePrueba123','apa','herna','9989377067','7777777777','rexwolf96@gmail.com',2,'FMe6gfw2','XLDCY'),(13,'Mariano Administrador','Xiu','Chan','9988776655','9988776655','ut_tareas@live.com.mx',1,'A0apV7f0','ANCMV'),(14,'Gino Gerardo Administrador','Madrazo','Galvez','9988776655','9988776655','ginomad@hotmail.com',0,'ONPPtRUt','EWMKA'),(15,'Paulo','Romero','Dominguez','9988776655','9988776655','dark.star.plrd@gmail.com',1,'RvMrVLlS','XAOAZ'),(16,'Citlali Daniela ','Cauich',' Kantun','9981556957','9981556957','citlali.cauich@earthlifeuniversity.com',2,'QxxeFxzQ','RUZUY'),(17,'Manuel Alejandro','Flores','Barrera','9981399555','9981399555','manuel.flores@upqroo.edu.mx',3,'VI4RF261','KIBVD'),(18,'ÉLIDA ','HERNÁNDEZ ','ORTEGA ','998 8841616 EXT.110','9982413119','elidaheor@gmail.com',2,'OKa6ebx6','KAPWX'),(19,'Heberto René ','Aguirre ','Jiménez','4421444128','4421444128','heberto.aguirre@universidadriviera.edu.mx',2,'GqcrZXMg','VZYIM'),(20,'kevin','garcia','ramirez','9988553322','9988553322','mr.kegara@gmail.com',2,'9dw0ZdNk','VDVDQ'),(21,'YAZMIN FARIDE','FUENTES','NECHAR','9994738666','9994738666','yazmin.fuentes@universidadupp.edu.mx',2,'0kVInvGk','SAYIP'),(22,'Lilia Elizabeth ','Can','de la Parra','9878727631','9878760802','lilia.can@unid.mx',2,'BnVuMpK5','UIIEC'),(23,'Manuel Jesús.','Uitzil.','Santos.','9837520560','9837520560','forcenex@hotmail.com',2,'cmTCIuyg','USAMO'),(24,'Eduardo Daniel','Fernandez','Llanes','9837524380','9831642986','promocion@iescda.edu.mx',2,'0gT2vYz7','UGJUH'),(25,'Donald','Solano','Monge','9983188446','9983188446','dsolano@UniversidadDucens.edu.mx',2,'f7r1sALB','AOHHI'),(26,'Lucila','Jimenez ','Castillo','998 25 6 67 81','998 34 1 91 46','sescolaresiumcancun@gmail.com',2,'qxu0wGpV','OVYEP'),(27,'Giovana ','Carballo','Mijangos','998 882 1843','998 385 6863','giovana.carballo@soyuo.mx',2,'6pKFKM1j','NAOCE'),(28,'María del Sol ','Garza','Gómez ','9988844236','3313041482','chef.garza@liceoculinario.com',2,'R6nE5f43','ISCOD'),(29,'Dileri ','Olmedo ','Rosales','2558917','9983036670','Dileriolmedo@hotmail.com ',2,'0pFPI1Yc','ULBFX'),(30,'Nombre del supervisor','Apellido paterno del supervisor','Apellido materno del supervisor','0000000000','0000000000','feria.orientacion.educativa@gmail.com',1,'ns1DSod9','PKQUJ'),(31,'María de los Ángeles ','Navarrete','Marneou','9831104070','9831104070','acad_chetumal@tecnm.mx',2,'s3laCNkc','BMVIJ'),(32,'María del Carmen ','Pérez ','Priego','983 144 9433','9831261487','marymacuca81@hotmail. com',2,'RQi2ECnr','XIREV'),(33,'Otoniel','Pérez','Burelo','9988845161','9141057894','operezb@ipn.mx',2,'coK56fuU','YWECO'),(34,'Jorge Luis ','Pacheco ','Noh','9831390685','9831390685','unichetumal@grupocetec.com',2,'Xyp0pN7l','DGHIE'),(35,'Lic. Evangelina','Rodríguez','Muñoz','99881704427','9982156835','coordadmisionesuazteca@gmail.com',2,'xOqTaF2Y','TOQAA'),(36,'CLAUDIA PATRICIA','SOTO','SANCHEZ','9842672999 EXT 129','9841881680','rectoria@cuingles.edu.mx',2,'cuingles2020','EAFOV'),(37,'Lic. Claudia','Montes ','Ángel ','9983241003','9981704427','infoaztecacancun2@gmail.com',2,'hNIBWMgg','RBFLU'),(38,'LUZ','GONZALEZ','RIVERA','9982421165','9984021718','admisiones@ilat.edu.mx',2,'urxSNhc4','FFISO'),(39,'Yirelys','Rodriguez','Oliva','998 138 51 89','998 101 2027','admisiones@unimaat.edu.mx',2,'FTJ5hA0x','UXBTO'),(40,'Israel','Morales','Pruebas','Pruebas','Pruebas','imgescuela@gmail.com',2,'ttbScd3I','OHROE'),(41,'FERNANDO EDSON','MONTALVO','PEREZ','9838350300 EXT 229','9831012978','fermonta@uqroo.edu.mx',2,'apxsbibt','ZCNRE'),(42,'Icce Antonio','Pozo','Isidoro','998 246 41 55','998 246 41 55','iantonio.ucimexico@gmail.com',2,'GOZV9EvP','IVXRH'),(43,'Michell','Solís','González','9988873518','9981177956','uni.latinoamericanadelcaribe@gmail.com',2,'uQUiGEhw','PDGFK'),(44,'Leisly Nayely ','Colli',' Pool','9983421045','9983421045','mercadotecnia.cancun@imesad.edu.mx',2,'WyO8lyu8','MPVUK'),(45,'Lorenzo Gabriel','Olivera','González','9831291765','9831356969','dir.vinculacion@utchetumal.edu.mx',2,'OZWa59qE','EEXMU'),(46,'Abigail','Vazquez','Perez','9988984058','9981288838','info@estudiocreativocancun.com',2,'Cumbres2021','PQTWF'),(47,'YUKEINY ARLETY','GARCIA','HERRERA','8923299','9981550220','vinculacion.cun@universidaddelsur.edu.mx',2,'zDAR1PS7','SFDIJ'),(48,'Silvana Yolanda','Olivieri','De la Cruz','9988862201','9981488205','promocion@lasallecancun.edu.mx',2,'gPJKQ3as','EKOIV'),(49,'Miguel','Herrera','Ávila','9848774600','9841377472','miguel.herrera@utrivieramaya.edu.mx',2,'LSAjmC1x','SMOEU'),(50,'Oscar Lucán','Parrao ','Rivero','9831406602','9831406602','OSCAR.PARRAO@UIMQROO.EDU.MX',2,'vh97srit','WOWLD'),(51,'DIANY CECILIA','ACOPA','NAREZ','9848033546 ext 301 o 304','9841369352','vinculacion.playa@universidaddelsur.edu.mx',2,'rhrXLhhN','PORXA'),(52,'YAMILI ESTEFANIA','RODRIGUEZ','HERRERA','9836882211','9831544714','yrodriguez@modelo.edu.mx',2,'r10pUkSy','CUKCU'),(53,'Liliana','Alarcón','Martínez','9846880461','9841137297','lalarcon@explayarte.edu.mx',2,'wfglW6S0','AYWQC'),(55,'Magda Magaly ','Molina','León ','998807432','9987347052','jessel.qp@cancun.tecnm.mx',2,'tRTcHFgS','XERAA'),(56,'Amindra','Martinez','Reynoso','9842061945','9392089928','direcciongeneral@escuelaignaciochavez.edu.mx',2,'YBNS99Wk','TQMHE'),(57,'Supervisor','Zona','Sur','0000000000','0000000000','feria.orientacion.educativa@gmail.com',1,'L75XfO0W','UEEAS'),(58,'Rafael David','Figueroa','Moreno','9848038457','5576594772','rafael.figueroa@unid.mx',2,'XkXpxaLp','OLQYU'),(59,'Jessica','Hernández','Matus','(998) 8814400','9982146707','jehernandez@ucaribe.edu.mx',2,'Cyiczgci','UFBKX'),(60,'Marissa','Vázquez','Cen','9832855972','9831380050','mgvazquez@unid.mx',2,'EM3A7AMo','TTBIH'),(61,'Israel','Morales','Garcia','Prueba2','Prueba2','imgescuela@gmail.com',2,'VaThAonP','AWIEI'),(62,'Nataly','Gomez','Juárez','9811323169','9811333169','NAGOMEZ@UNID. Mx',2,'6LG3KXkY','HPAGV'),(63,'JOSIAS ALBERTO','RABANALES','DOMINGUEZ','9983854091','9981178577','josias.rabanales@universidadmaya.edu.mx',2,'RwNXg4QL','RUVGM'),(64,'SIBILA GUADALUPE','ESQUIVEL','AVILA','9831450564','9831843885','sibis_e@hotmail.com',2,'8S5S0yHo','CNZEM'),(65,'Jose Mario','Gutierrez','Perez','','11111111111','secretaria.academica@upqroo.edu.mx',1,'Mibc1203','JVTET'),(66,'Jorge Alfredo','Zapata','Cruz','9831648392','9831648392','j.zapata@itscarrillopuerto.edu.mx',2,'1hBYNC9a','UNDSN'),(67,'Margarita Rosa','Rojas ','Avila','9836881073','9831207910','vin_zmaya@tecnm.mx',2,'pOA8Jhd1','CANEU'),(68,'Fernando','Vera ','Domínguez','9982247882','9982247882','prof.fernando.vera@colegiokukulcan.edu.mx',2,'3MVjnUUN','HYEIW'),(69,'MARÍA ANTONIA DE LOS ÁNGELES','DÍAZ','MARTÍN','9831160947','9831160947','maria.diaz@upb.edu.mx',2,'p3GrQLHf','EAXIL'),(70,'Alejandra ','León','Benítez','9988840955','2299403252','promocioncancun@cegestalt.mx',2,'lj5oBx3n','BOUSW'),(71,'JOSÉ ANTONIO','PRISCO','PASTRANA','983 834 2185','983 117 0357','joseprisco@crenjrg.edu.mx',2,'Sy5Vmohd','VNUTD');
/*!40000 ALTER TABLE `usuario` ENABLE KEYS */;
UNLOCK TABLES;

--
-- Table structure for table `video`
--

DROP TABLE IF EXISTS `video`;
/*!40101 SET @saved_cs_client     = @@character_set_client */;
/*!40101 SET character_set_client = utf8 */;
CREATE TABLE `video` (
  `ID` int(10) unsigned NOT NULL AUTO_INCREMENT,
  `Recurso` varchar(200) NOT NULL,
  `Titulo` varchar(70) NOT NULL,
  `Universidad_ID` int(10) unsigned NOT NULL,
  `Seccion_ID` int(10) unsigned NOT NULL,
  PRIMARY KEY (`ID`),
  KEY `fk_Video_Universidad1_idx` (`Universidad_ID`),
  KEY `fk_Video_Seccion1_idx` (`Seccion_ID`),
  CONSTRAINT `fk_Video_Seccion1` FOREIGN KEY (`Seccion_ID`) REFERENCES `seccion` (`ID`),
  CONSTRAINT `fk_Video_Universidad1` FOREIGN KEY (`Universidad_ID`) REFERENCES `universidad` (`ID`)
) ENGINE=InnoDB AUTO_INCREMENT=226 DEFAULT CHARSET=utf8mb4;
/*!40101 SET character_set_client = @saved_cs_client */;

--
-- Dumping data for table `video`
--

LOCK TABLES `video` WRITE;
/*!40000 ALTER TABLE `video` DISABLE KEYS */;
INSERT INTO `video` VALUES (3,'vGGk3wE46uQ','Mtro. Julián Aguilar, Rector UT Cancún BIS',2,1),(4,'T33AnFCTkgg','Video promocional UT Cancún BIS',2,3),(5,'IKqj8lYxwCM','Intro',18,1),(6,'jlHbXI8BSJQ','Maestrías en Universidad Ducens',18,1),(7,'cceOE5MSo1k','¿Qué es Seguridad y Salud en el Trabajo?',18,96),(9,'-SRECj17hNA','Presentación de la Maestría en Seguridad Informática',18,98),(11,'nutesv1wH2o','CONFERENCIA: Riesgos en la Gestión Informática',18,2),(12,'cceOE5MSo1k','MINI SPOT: ¿Qué es Seguridad y Salud en el Trabajo?',18,2),(13,'fG3YauxiEkM','¿Qué es Gestión Integral del Riesgo?',18,1),(14,'Pj_iBkVIXXE','CONFERENCIA: Los Desastres No son Naturales',18,2),(15,'_IXBhbAffCc','Clase Grabada: Conceptos Generales de la SST',18,2),(16,'IQYTaFzUrMg','CONFERENCIA: Resiliencia y Ordenamiento Territorial',18,2),(17,'mWzKTO3SUoA','Presentación Universidad Ducens',18,1),(18,'0_H60dsMF8c','PLAN DE ESTUDIOS Y PAGOS ',21,120),(19,'J8AOPx_bK2c','INSTALACIONES ',21,3),(27,'iQQVA-Uf6S0','TEST VOCACIONAL NUEVO INGRESO',14,3),(28,'7hsPjtOBCbk','SOMOS LA UPP',14,1),(32,'g66mc7xXYtc','Video de bienvenida- IMESAD',36,1),(34,'_w9Hd5Gpljk','Mensaje motivacional',36,2),(35,'-Pox5G8IEhA','GASTRONOMIA',36,222),(36,'-1Wy5h49W3Q','CIENCIAS DE LA EDUCACIÓN ',36,217),(37,'54xxrrVi-q8','Video Institucional',30,3),(38,'UpNoXzlAJX0','Bienvenida Feria Virtual 2021',30,1),(39,'gHAo9CJYenA','RECORRIDO VIRTUAL',31,3),(40,'JWeh5QwuDD0','BIENVENIDA ',31,1),(41,'LrPd0ecCUFY','OFERTA EDUCATIVA',4,1),(42,'ulEw6p-HnA8','BIENVENIDA ',21,1),(43,'SltAfL_CtgY','Ingeniería en Tecnologías de la Información y Comunicación',37,232),(44,'_BMhKwEoU0I','Ingeniería en Mecatrónica',37,234),(45,'fqrfAtlR19A','Licenciatura en Gastronomía',37,233),(46,'xtWHW_RVxfA','Licenciatura en Innovación de Negocios y Mercadotecnia ',37,235),(51,'SQVHYFe-AxQ','Universidad Tecnológica de Chetumal',37,3),(54,'2Vd2lZIkrt4','Ingenierías',50,370),(55,'2Vd2lZIkrt4','Ingenierías',50,367),(56,'2Vd2lZIkrt4','Ingenierías',50,366),(57,'2Vd2lZIkrt4','Ingenierías',50,365),(58,'5u0MimS7SgI','Turismo y Gastronomía',50,359),(59,'5u0MimS7SgI','Turismo y Gastronomía',50,361),(60,'5u0MimS7SgI','Turismo y Gastronomía',50,360),(61,'ChUHrmw16gA','Economía y Negocios',50,362),(62,'ChUHrmw16gA','Economía y Negocios',50,363),(63,'IXQenC0eGuw','BIENVENIDA DEL RECTOR',4,1),(64,'va9glbZZeSU','Universidad del Caribe',50,1),(65,'2w2_XJrdPDk','CONVENIOS IPJ',22,121),(66,'tOr8xI-aKqk','CONVENIOS IPJ',22,121),(67,'BOfi4MKMWYM','CONVENIOS IPJ',22,121),(68,'NikRPKZOoMk','CONVENIOS IPJ',22,121),(69,'fo5t1nnQpT4','CONVENIOS IPJ',22,121),(70,'9fwX_nSXP9o','CONVENIOS IPJ',22,121),(71,'O0OCQMrvkCA','CONVENIOS IPJ',22,121),(72,'x-H66ij0Ocw','CLASES DEL IPJ',22,121),(73,'dgMRkVb8Q-g','CLASES DEL IPJ',22,121),(74,'o2ENAnMzosA','CLASES DEL IPJ',22,121),(75,'uXF81K1cFYE','CLASES DEL IPJ',22,121),(76,'CJbhFt_5lT4','CLASES DEL IPJ',22,121),(77,'KiIN0_S99LM','CLASES DEL IPJ',22,121),(78,'kz6wo-4woE0','CLASES DEL IPJ',22,121),(79,'kXTgb1b76zA','CLASES DEL IPJ',22,121),(80,'fjOHds_UYJw','CLASES DEL IPJ',22,121),(81,'JYfyqOt-rHI','CLASES DEL IPJ',22,121),(82,'GT_PGD3GJ9U','PRACTICAS DEL IPJ',22,122),(83,'vEwj9kVIbcc','PRACTICAS DEL IPJ',22,122),(84,'1BkZZ2jE1xA','PRACTICAS DEL IPJ',22,122),(85,'APYwJTc84M4','PRACTICAS DEL IPJ',22,122),(86,'lC5j_6yROJ4','PRACTICAS DEL IPJ',22,122),(87,'g3dXCq2M5-c','PRACTICAS DEL IPJ',22,122),(88,'xQsibKUJZPE','PRACTICAS DEL IPJ',22,122),(89,'i3o3ChFFnYs','PRACTICAS DEL IPJ',22,122),(91,'rGTkTWQnovE','PRACTICAS DEL IPJ',22,122),(92,'_KoiTy1p3rc','PRACTICAS DEL IPJ',22,122),(93,'Qboyq6AwzyI','PRACTICAS DEL IPJ',22,122),(94,'X9DPJeDq3gQ','PRACTICAS DEL IPJ',22,122),(95,'0R-RkhNl5hQ','La participación de trabajo social, en el desarrollo de proyectos soci',39,2),(96,'VHA-1wz5cKw','Plataformas digitales y sus repercusiones fiscales.',39,2),(97,'1dC0tPfFmkQ','Introducción al sistema GIT y GITLAB. ',39,2),(99,'B5iyCz19Uo8','Mitos, realidades y tabúes del teletrabajo.',39,2),(100,'f-6DDX8yjVw','Recorrido 360º  campus Cancún ',39,3),(106,'4xxK9kYvXEM','CONFERENCIA DEL NUEVO SISTEMA ACUSATORIO ',22,2),(107,'Aqddka9dsUU','CONFERENCIA DE LOS DERECHOS HUMANOS',22,2),(108,'2v8LAxl-oeY','CONFERENCIA DE SEGURIDAD PUBLICA',22,2),(109,'VO8mwd6z4FM','CONFERENCIA DEL NUEVO SISTEMA DE JUSTICIA Y LA IMPLEMENTASIÓN DE LOS P',22,2),(110,'QTcM0xhiWZ0','Bienvenida del Plantel Educativo -Rector UT Chetumal',37,1),(111,'YmT5kxpBcZY','El futuro del empleo',37,2),(113,'P-b53sZyGPE','¿Cómo elegir tu vocación?',44,2),(115,'OX_whFwZgF8',':UNID VALORES',53,3),(116,'L4IbEaRHyss',':UNID LO APRENDO LO APLICO',53,3),(117,'C1UBqpKJSRs','RECORRIDO VIRTUAL',53,3),(118,'KsGE7ETrpy8','Visita el Stand Virtual del TecNM / Instituto Tecnológico de Cancún',47,1),(119,'CfCVok9DK8M','Conoce más sobre el TecNM / Instituto Tecnológico de Cancún',47,1),(120,'dt8a8C4UxQU','Somos parte del TecNM - ¡Conócenos mejor!',47,1),(121,'7nhiAaArY6Q','10 Hábitos diarios de la genta SÚPER EXITOSAS.',30,2),(122,'gAlaeQ75W4c','Bienvenida - Rectora UNID Chetumal',51,1),(123,'dAXroEm9ZI0','Recorrido Virtual ',51,3),(124,'LZpgxucO1xM','Estadía Empresarial',51,3),(125,'ujCR7g97C14','BIENVENIDA DEL RECTOR',53,1),(126,'N_uSDCDt_Pg','Recorrido Virtual ',15,3),(127,'9MCn5kAj6mA','¿Cómo elegir una carrera universitaria?',51,2),(132,'9MCn5kAj6mA','PLATICA ELEGIR UNA CARRERA',53,2),(133,'ukq3_csXO7c','OFERTA EDUCATIVA ',53,2),(134,'4s_9Wy5edW4','Ventajas de estudiar en UNID',51,1),(135,'d-Ah97A7Zg0','Oferta Educativa',42,1),(136,'6s-Q9zs7WJA','Bienvenida',42,410),(137,'4OBDTcNxNyc','Egreso de profesionales',42,275),(139,'gP99VRncHxA','INSTALACIONES',3,1),(140,'T-5Uy_ZAyFI','OFERTA ACADEMICA',3,1),(141,'TmdIWVKXDdo','Bienvenida al Instituto Tecnológico de Chetumal',23,1),(142,'rBHD4FPbqoo','Recorrido Virtual a las Instalaciones del ITChetumal',23,3),(143,'sUtwDALwD_g','Oferta Educativa 2021',23,1),(144,'P55J3nA849s','Campus Nuevo UNID Playa del Carmen',49,3),(145,'OVxQnkTJgoE','Bienvenida por la Rectora ',28,1),(146,'zEkVc76SXKg','Video del Rector',10,1),(147,'w2vQ0HPASIc','Oferta Educativa de la UPB, palabras de Bienvenida del Rector Dr. Luis',59,1),(148,'Pf6ikEaKewg','Promoción 2021 de la Oferta Educativa de la Universidad Politécnica de',59,1),(149,'w5g_pnUWPOg','Plática de orientación vocacional y continuar con estudios universitar',59,2),(150,'Z-i7IVwHav0','RECORRIDO VIRTUAL DE INSTALACIONES ',29,3),(151,'CQdnoZQUA3U','RECORRIDO VIRTUAL DE INSTALACIONES ',27,3),(152,'frnjtUKctRA','Gestalt, La Universidad del Diseño ',60,3),(154,'wxL5ujCobYE','VIDEO INSTITUCIONAL',44,3),(155,'mgDZFaPbkWM','MENSAJE DE BIENVENIDA',44,1),(156,'90QhZ6MdgFM','VIDEO INSTITUTO UNIVERSITARIO KUKULCAN',58,1),(157,'3lUlbrEi0sk','Video Institucional',57,1),(158,'QuYhDEVgh5w','Intalaciones',57,3),(159,'DrOap8a4lDM','Ingeniería en Gestión Empresarial',57,427),(160,'5NbFoVXXQ5w','Ingeniería en Agronomía',57,425),(161,'CoHgarAuYZI','Ingeniería Informática',57,428),(162,'-DyHGU40ATw','Ingeniería Forestal',57,426),(163,'oKV-sJWbh4U','TecNM campus Felipe Carrillo Puerto, Admisiones 2021',56,1),(164,'','Mensaje del Rector ',11,1),(165,'','Perfil Profesional del Egresado',11,388),(166,'ply5SJ1Js0Q','Egresada Exitosa - Informática',47,1),(167,'J2zhOdtrtoc','Egresada Exitosa - Lic. en Administración',47,1),(168,'LOZc66bA25Y','Egresado Exitoso - Sistemas Computacionales',47,1),(169,'l89WibuBxJE','Programa Expresión Tecnológica',47,1),(170,'xVSjoUYcs2Y','Coordinación de Lenguas Extranjeras',47,1),(171,'e27BAIt-cfU','Vista aérea de la Inauguración Nacional de Bandas de Guerra y Escoltas',47,1),(172,'-MiRktTxkys','Vista áerea con dron del TecNM campus Cancún',47,1),(173,'77WOo3bp3B4','Conociendo a los estudiantes del TecNM',47,1),(174,'','Anatomía Básica ',11,2),(175,'OUbkBLknVKY','Orientación Vocacional CPC. Santiago Rejón Delgado',47,2),(176,'bTTCCM7_j_o','La experiencia de elegir una carrera',55,2),(177,'hn5IwCCUhtM','TU UNIVERSIDAD EN LÍNEA',34,1),(178,'vYebLWF86zY','TESTIMONIO DE UN EGRESADO',33,2),(179,'aNpHjU9eFus','oferta academica',33,1),(180,'pyxWobYWGOI','ACTIVIDADES CULTURALES Y DEPORTIVAS',33,2),(182,'95NSGFASbDQ','Bienvenida e Invitación al stand de la UPN Unidad 231 Chetumal por la ',24,1),(183,'Pd9UmxGV6g4','Bienvenida del Instituto de Estudios Superiores Lamat y Viktor Frankl',55,1),(184,'yv2OyJVA0ms','LICENCIATURA EN ENFERMERIA ',48,1),(185,'kWany7qHroE','BIENVENIDA DEL IPJ',22,1),(186,'CYPQrq7JzU8','ALUMNOS IPJ',22,2),(187,'q_V87n1LgB4','ALUMNOS IPJ',22,2),(188,'EX04sV-rav0','ALUMNOS IPJ',22,2),(189,'22vnTohcDls','INSTALACIONES DEL IPJ',22,3),(190,'GkmXOO0Aa3I','VIDEO INSTITUCIONAL',53,1),(191,'Wm8rFllFSFE','¿Vale la pena estudiar un posgrado?',10,2),(192,'veZ7AQq-vcc','Después del bachillerato, ¿qué sigue?',20,2),(193,'pxhCahWbewE','¡Bienvenida de nuestro Rector a nuestro Stand virtual UO!',20,1),(194,'jsvQ5EGoFSs','Mensaje Rector UTRM BIS',41,1),(196,'M2caRoQ-Hgk','¡Conoce nuestras instalaciones!',20,1),(197,'','¿Por qué estudiar en Universidad de Oriente?',20,1),(198,'BYAuWrOiM1w','Intercambios nacionales o internacionales',20,1),(199,'bw59qi23TBA','¡Conoce nuestro Modelo Educativo!',20,1),(201,'ct6cxzmjHos','Proceso de Admisión Online',20,1),(202,'TIB3bwODh5I','Ventajas de estudiar en Universidad de Oriente ',20,1),(203,'VD7fxC49HXg','PROYECTO MILENIUM',20,1),(204,'8-LgqVWjL-A','Bienvenida del Director',57,1),(205,'3kYi1uWr3DQ','Conferencia impartida por la Mtra. Marycarmen Pérez Priego',24,2),(206,'-yGgmfVPh30','Bienvenida Rectora de Campus UNID Playa del Carmen',49,1),(207,'1n1IAikNGKQ','Instituto Superior de Estudios Creativos',38,1),(208,'YVIYiNMmsRA','Plática - Nueva Normalidad Educativa',41,2),(209,'4Nkxl5JcS4U','¿Debo estudiar la Universidad?...',41,2),(213,'Aep7vt3FlKU','RECORRIDO UNISUR PLAYA DEL CARMEN',43,3),(216,'qcLIfrdDSlo ','COMERCIO EXTERIOR Y ADUANAS',43,2),(217,'okWmN90wIqQ ','TRABAJO SOCIAL',43,2),(218,'xCPlLZ921Ec ','PEDAGOGIA',43,2),(219,'kz-vpzs7D14 ','ARQUITECTURA',43,2),(220,'3AioV0Nt5p8','PSICOLOGIA CLINICA',43,2),(221,'nr-xMxAu0jU','DERECHO',43,2),(222,'aKHAi61X-cQ ','PSICOLOGIA ORGANIZACIONAL',43,2),(223,'RKuGCNhDwPw','ING. EN SISTEMAS COMPUTACIONALES',43,2),(224,'GJW_DBvGXg8 ','CONTADURIA PUBLICA',43,2),(225,'8rJxsK4q870 ','ADMINISTRACION DE EMPRESAS',43,2);
/*!40000 ALTER TABLE `video` ENABLE KEYS */;
UNLOCK TABLES;
/*!40103 SET TIME_ZONE=@OLD_TIME_ZONE */;

/*!40101 SET SQL_MODE=@OLD_SQL_MODE */;
/*!40014 SET FOREIGN_KEY_CHECKS=@OLD_FOREIGN_KEY_CHECKS */;
/*!40014 SET UNIQUE_CHECKS=@OLD_UNIQUE_CHECKS */;
/*!40101 SET CHARACTER_SET_CLIENT=@OLD_CHARACTER_SET_CLIENT */;
/*!40101 SET CHARACTER_SET_RESULTS=@OLD_CHARACTER_SET_RESULTS */;
/*!40101 SET COLLATION_CONNECTION=@OLD_COLLATION_CONNECTION */;
/*!40111 SET SQL_NOTES=@OLD_SQL_NOTES */;

-- Dump completed on 2021-02-20 13:20:40
